,X,Y,Z,fid,overall_tn,begin,end,Track ID,Vessel Type Number,Ship Type_Length,Ship Type_Num,fid_2,Nearest,Hour
0,113.911469709468,22.4191611091876,0,1,200268,2021/10/31 18:30:12,2021/10/31 18:30:57,20437,,SC,,1,2021-10-31T18:30:12.000,19
0,113.90983334573,22.4185979880596,0,1,552452,2021/11/01 06:37:39,2021/11/01 07:45:00,9927,,SC,,1,2021-11-01T06:43:30.000,7
1,113.911193116833,22.4190659254869,0,2,552452,2021/11/01 06:37:39,2021/11/01 07:45:00,9927,,SC,,1,2021-11-01T01:46:30.000,2
2,113.9108449797,22.4189461212094,0,3,331157,2021/11/01 12:16:30,2021/11/01 12:21:30,27222,,SC,,1,2021-11-01T02:07:00.000,2
3,113.911303172556,22.419103798914,0,4,170390,2021/11/01 01:39:12,2021/11/01 02:50:30,18896,,SC,,1,2021-11-01T01:46:30.000,2
4,113.911777912696,22.4192671710278,0,5,170390,2021/11/01 01:39:12,2021/11/01 02:50:30,18896,,SC,,1,2021-11-01T02:07:30.000,2
5,113.912104276547,22.4193794824755,0,6,170390,2021/11/01 01:39:12,2021/11/01 02:50:30,18896,,SC,,1,2021-11-01T02:07:30.000,2
6,113.910049983323,22.4186725394585,0,7,138519,2021/11/01 23:56:18,2021/11/01 23:59:30,17233,,SC,,1,2021-11-01T07:06:00.000,7
7,113.910773179593,22.4189214126704,0,8,412175,2021/11/01 05:52:03,2021/11/01 05:53:00,31435,,SC,,1,2021-11-01T02:07:00.000,2
0,113.911156279663,22.4190532487277,0,1,401759,2021/11/02 01:32:42,2021/11/02 02:34:00,3090,,SC,,1,2021-11-02T23:39:03.000,0
1,113.909891631851,22.4186180460365,0,2,521626,2021/11/02 06:48:12,2021/11/02 06:57:00,8340,,SC,,1,2021-11-02T06:49:39.000,7
2,113.909954937932,22.4186398315303,0,3,521626,2021/11/02 06:48:12,2021/11/02 06:57:00,8340,,SC,,1,2021-11-02T06:49:39.000,7
3,113.910277871039,22.418750962357,0,4,521626,2021/11/02 06:48:12,2021/11/02 06:57:00,8340,,SC,,1,2021-11-02T06:57:00.000,7
4,113.910007728529,22.418657998335,0,5,545296,2021/11/02 23:22:48,2021/11/02 23:58:48,9551,,SC,,1,2021-11-02T06:50:00.000,7
5,113.910924404271,22.4189734535518,0,6,50385,2021/11/02 06:37:30,2021/11/02 06:47:00,12635,,SC,,1,2021-11-02T06:42:30.000,7
0,113.911913978568,22.4193139953161,0,1,111238,2021/11/03 01:52:30,2021/11/03 02:26:00,15793,,SC,,1,2021-11-03T02:21:54.000,2
1,113.912086792764,22.4193734657889,0,2,111238,2021/11/03 01:52:30,2021/11/03 02:26:00,15793,,SC,,1,2021-11-03T01:59:54.000,2
2,113.911588109823,22.4192018542493,0,3,152484,2021/11/03 07:09:51,2021/11/03 07:52:30,17965,,SC,,1,2021-11-03T13:00:30.000,13
3,113.909968846096,22.4186446177406,0,4,366309,2021/11/03 05:21:03,2021/11/03 05:50:06,29060,,SC,,1,2021-11-03T05:21:03.000,5
4,113.911042181795,22.4190139842791,0,5,359826,2021/11/03 02:17:33,2021/11/03 02:28:00,28723,60.0,SC,SC,1,2021-11-03T04:34:00.000,5
5,113.910527673131,22.4188369266403,0,6,178401,2021/11/03 06:07:48,2021/11/03 06:11:30,193,,SC,,1,2021-11-03T23:19:30.000,23
6,113.911838584188,22.4192880498815,0,7,521558,2021/11/03 12:48:57,2021/11/03 13:02:00,8337,,SC,,1,2021-11-03T13:00:30.000,13
7,113.910635777859,22.4188741286727,0,8,190235,2021/11/03 08:12:12,2021/11/03 08:21:00,19913,,SC,,1,2021-11-03T07:49:00.000,8
8,113.910812395138,22.4189349078987,0,9,437301,2021/11/03 23:18:42,2021/11/03 23:21:00,3951,,SC,,1,2021-11-03T00:46:36.000,1
9,113.910750225002,22.4189135133171,0,10,196261,2021/11/03 07:47:03,2021/11/03 07:51:00,20225,,SC,,1,2021-11-03T00:46:36.000,1
10,113.912844085819,22.4196340727122,0,11,373195,2021/11/03 11:03:12,2021/11/03 11:06:00,29418,,SC,,1,2021-11-03T14:00:00.000,14
11,113.911434496979,22.4191489915294,0,12,199820,2021/11/03 06:48:15,2021/11/03 06:49:42,20411,,SC,,1,2021-11-03T07:16:00.000,7
12,113.911438329689,22.4191503104781,0,13,42026,2021/11/03 02:38:51,2021/11/03 02:49:30,12207,60.0,SC,PV,1,2021-11-03T07:16:00.000,7
13,113.91192128737,22.4193165104908,0,14,42026,2021/11/03 02:38:51,2021/11/03 02:49:30,12207,60.0,SC,PV,1,2021-11-03T02:21:54.000,2
0,113.910861409194,22.418951775084,0,1,266143,2021/11/04 03:03:39,2021/11/04 05:51:00,23852,,SC,,1,2021-11-04T04:11:30.000,4
1,113.910897903854,22.418964333975,0,2,234032,2021/11/04 01:25:03,2021/11/04 04:13:30,22192,,SC,,1,2021-11-04T04:11:30.000,4
2,113.910374980157,22.4187843804751,0,3,304749,2021/11/04 01:35:00,2021/11/04 02:37:00,25851,,SC,,1,2021-11-04T02:08:00.000,2
3,113.910699993316,22.4188962271093,0,4,304749,2021/11/04 01:35:00,2021/11/04 02:37:00,25851,,SC,,1,2021-11-04T06:26:30.000,6
4,113.911958447395,22.4193292983539,0,5,304749,2021/11/04 01:35:00,2021/11/04 02:37:00,25851,,SC,,1,2021-11-04T19:34:30.000,20
5,113.911375368602,22.4191286437071,0,6,328605,2021/11/04 06:42:00,2021/11/04 07:49:30,27087,,SC,,1,2021-11-04T07:11:30.000,7
6,113.910337374945,22.4187714394102,0,7,326808,2021/11/04 06:25:00,2021/11/04 06:29:00,26995,,SC,,1,2021-11-04T02:08:00.000,2
0,113.911583648451,22.4192003189595,0,1,213739,2021/11/05 06:55:54,2021/11/05 06:58:06,21135,,SC,,1,2021-11-05T14:41:30.000,15
1,113.910816720532,22.4189363963943,0,2,260804,2021/11/05 06:30:33,2021/11/05 07:42:30,23579,,SC,,1,2021-11-05T19:42:30.000,20
2,113.910000368074,22.4186554653847,0,3,292603,2021/11/05 19:41:51,2021/11/05 20:52:30,25225,,SC,,1,2021-11-05T19:43:00.000,20
3,113.910259754234,22.4187447278291,0,4,292603,2021/11/05 19:41:51,2021/11/05 20:52:30,25225,,SC,,1,2021-11-05T19:54:30.000,20
4,113.911575266072,22.4191974343351,0,5,233854,2021/11/05 14:40:57,2021/11/05 14:41:30,22183,,SC,,1,2021-11-05T14:41:30.000,15
5,113.910107222293,22.4186922370799,0,6,371226,2021/11/05 03:32:51,2021/11/05 08:16:00,29315,,SC,,1,2021-11-05T19:43:00.000,20
6,113.912262464614,22.4194339196648,0,7,514705,2021/11/05 01:43:24,2021/11/05 02:42:00,798,,SC,,1,2021-11-05T01:54:00.000,2
0,113.911116557867,22.4190395792836,0,1,258831,2021/11/06 13:02:51,2021/11/06 13:33:30,23479,30.0,SC,SC,1,2021-11-06T00:21:03.000,0
1,113.910606448329,22.4188640355145,0,2,430460,2021/11/06 00:01:03,2021/11/06 01:06:00,3587,,SC,,1,2021-11-06T19:38:30.000,20
2,113.911035540859,22.4190116989365,0,3,430460,2021/11/06 00:01:03,2021/11/06 01:06:00,3587,,SC,,1,2021-11-06T00:51:03.000,1
3,113.911052009951,22.419017366438,0,4,430460,2021/11/06 00:01:03,2021/11/06 01:06:00,3587,,SC,,1,2021-11-06T00:21:03.000,0
4,113.911096522766,22.4190326846131,0,5,430460,2021/11/06 00:01:03,2021/11/06 01:06:00,3587,,SC,,1,2021-11-06T00:21:03.000,0
5,113.911002629021,22.4190003730004,0,6,205504,2021/11/06 07:48:12,2021/11/06 07:50:30,20708,,SC,,1,2021-11-06T00:51:03.000,1
6,113.911472387525,22.4191620307864,0,7,457051,2021/11/06 04:38:27,2021/11/06 04:44:00,498,,SC,,1,2021-11-06T01:13:00.000,1
7,113.910308029425,22.4187613407491,0,8,493542,2021/11/06 05:55:30,2021/11/06 06:23:00,688,,SC,,1,2021-11-06T06:19:00.000,6
8,113.909971138353,22.4186454065741,0,9,474585,2021/11/06 19:04:57,2021/11/06 20:33:00,5891,,SC,,1,2021-11-06T04:16:30.000,4
9,113.910735445534,22.4189084272653,0,10,474585,2021/11/06 19:04:57,2021/11/06 20:33:00,5891,,SC,,1,2021-11-06T00:07:03.000,0
10,113.911940069136,22.4193229738516,0,11,390398,2021/11/06 02:20:24,2021/11/06 07:51:30,30307,,SC,,1,2021-11-06T06:51:00.000,7
11,113.909912603373,22.4186252629571,0,12,174212,2021/11/06 02:35:30,2021/11/06 05:19:24,19087,,SC,,1,2021-11-06T04:17:00.000,4
12,113.910014056189,22.4186601758698,0,13,174212,2021/11/06 02:35:30,2021/11/06 05:19:24,19087,,SC,,1,2021-11-06T04:16:00.000,4
13,113.910100904424,22.4186900629143,0,14,174212,2021/11/06 02:35:30,2021/11/06 05:19:24,19087,,SC,,1,2021-11-06T04:15:00.000,4
14,113.910104867578,22.418691426753,0,15,174212,2021/11/06 02:35:30,2021/11/06 05:19:24,19087,,SC,,1,2021-11-06T04:15:00.000,4
15,113.910345464236,22.4187742231742,0,16,174212,2021/11/06 02:35:30,2021/11/06 05:19:24,19087,,SC,,1,2021-11-06T06:19:00.000,6
16,113.910446992059,22.418809161899,0,17,174212,2021/11/06 02:35:30,2021/11/06 05:19:24,19087,,SC,,1,2021-11-06T00:04:00.000,0
17,113.910718890871,22.4189027303167,0,18,174212,2021/11/06 02:35:30,2021/11/06 05:19:24,19087,,SC,,1,2021-11-06T00:06:00.000,0
18,113.910833159999,22.4189420537011,0,19,174212,2021/11/06 02:35:30,2021/11/06 05:19:24,19087,,SC,,1,2021-11-06T04:55:30.000,5
19,113.910275622988,22.4187501887364,0,20,229348,2021/11/06 06:19:45,2021/11/06 07:07:00,2195,,SC,,1,2021-11-06T03:07:30.000,3
20,113.911256059802,22.4190875860229,0,21,233139,2021/11/06 01:34:39,2021/11/06 02:52:30,22146,,SC,,1,2021-11-06T00:23:03.000,0
21,113.911165877358,22.4190565515782,0,22,340612,2021/11/06 01:11:15,2021/11/06 01:14:30,27729,,SC,,1,2021-11-06T00:23:03.000,0
22,113.911503300874,22.4191726689834,0,23,222682,2021/11/06 06:44:15,2021/11/06 07:53:00,21600,,SC,,1,2021-11-06T01:13:00.000,1
23,113.91060443503,22.4188633426788,0,24,99108,2021/11/06 10:11:33,2021/11/06 10:24:00,15175,,SC,,1,2021-11-06T19:38:30.000,20
0,113.911373736057,22.4191280819004,0,1,293067,2021/11/07 01:40:09,2021/11/07 02:51:00,25249,,SC,,1,2021-11-07T03:37:42.000,4
1,113.911594853696,22.4192041750154,0,2,293067,2021/11/07 01:40:09,2021/11/07 02:51:00,25249,,SC,,1,2021-11-07T03:37:42.000,4
2,113.912008957892,22.419346680509,0,3,529808,2021/11/07 06:50:00,2021/11/07 07:52:00,8763,,SC,,1,2021-11-07T03:38:00.000,4
3,113.910459832025,22.4188135805106,0,4,76167,2021/11/07 02:11:09,2021/11/07 02:22:30,13985,,SC,,1,2021-11-07T03:37:00.000,4
4,113.910291959798,22.4187558107155,0,5,411698,2021/11/07 08:37:48,2021/11/07 08:43:00,31409,,SC,,1,2021-11-07T03:38:00.000,4
5,113.910497264111,22.418826461998,0,6,159533,2021/11/07 03:19:45,2021/11/07 04:04:15,18331,,SC,,1,2021-11-07T03:37:00.000,4
6,113.910710305121,22.4188997757063,0,7,159533,2021/11/07 03:19:45,2021/11/07 04:04:15,18331,,SC,,1,2021-11-07T03:20:00.000,3
7,113.910159918786,22.4187103715007,0,8,226842,2021/11/07 01:14:33,2021/11/07 03:13:55,21818,,SC,,1,2021-11-07T01:44:30.000,2
8,113.911243038197,22.4190831049035,0,9,240929,2021/11/07 00:07:12,2021/11/07 00:08:30,22549,,SC,,1,2021-11-07T03:37:42.000,4
9,113.910442242055,22.418807527282,0,10,475696,2021/11/07 01:09:45,2021/11/07 03:10:00,5953,,SC,,1,2021-11-07T03:37:00.000,4
10,113.91037992292,22.4187860814259,0,11,301521,2021/11/07 01:43:51,2021/11/07 01:51:00,25682,,SC,,1,2021-11-07T03:37:30.000,4
0,113.910981581743,22.4189931300101,0,1,340591,2021/11/08 01:45:33,2021/11/08 02:48:30,27727,60.0,SC,SC,1,2021-11-08T01:47:00.000,2
1,113.910075574629,22.4186813461832,0,2,143539,2021/11/08 20:14:18,2021/11/08 20:22:30,1750,,SC,,1,2021-11-08T01:46:30.000,2
2,113.91135471464,22.4191215360684,0,3,411230,2021/11/08 06:42:57,2021/11/08 07:35:30,31384,,SC,,1,2021-11-08T06:48:30.000,7
0,113.910636671582,22.418874436229,0,1,498248,2021/11/09 06:38:54,2021/11/09 07:31:30,7129,,SC,,1,2021-11-09T02:10:30.000,2
1,113.911217460493,22.4190743028595,0,2,498248,2021/11/09 06:38:54,2021/11/09 07:31:30,7129,,SC,,1,2021-11-09T01:47:00.000,2
2,113.911282867417,22.4190968113155,0,3,498248,2021/11/09 06:38:54,2021/11/09 07:31:30,7129,,SC,,1,2021-11-09T01:47:00.000,2
3,113.90981163508,22.4185905167831,0,4,150115,2021/11/09 10:04:00,2021/11/09 10:22:00,17839,,SC,,1,2021-11-09T10:22:00.000,10
4,113.910108123043,22.4186925470545,0,5,370372,2021/11/09 21:11:27,2021/11/09 22:46:30,29274,,SC,,1,2021-11-09T21:12:00.000,21
5,113.91291537598,22.4196586057637,0,6,401935,2021/11/09 21:04:51,2021/11/09 21:08:00,30909,,SC,,1,2021-11-09T21:06:00.000,21
6,113.912972269906,22.4196781846455,0,7,401935,2021/11/09 21:04:51,2021/11/09 21:08:00,30909,,SC,,1,2021-11-09T21:06:00.000,21
7,113.911106369218,22.4190360730685,0,8,118803,2021/11/09 01:40:33,2021/11/09 02:36:00,16189,,SC,,1,2021-11-09T01:47:00.000,2
0,113.909873107763,22.4186116713505,0,1,276371,2021/11/10 01:23:09,2021/11/10 01:28:03,2438,,SC,,1,2021-11-10T01:27:30.000,1
1,113.909995178423,22.4186536794725,0,2,276371,2021/11/10 01:23:09,2021/11/10 01:28:03,2438,,SC,,1,2021-11-10T21:01:30.000,21
2,113.910069693549,22.4186793223297,0,3,260753,2021/11/10 20:41:45,2021/11/10 21:50:00,23576,,SC,,1,2021-11-10T01:28:03.000,1
3,113.911219007384,22.4190748351904,0,4,244005,2021/11/10 01:14:39,2021/11/10 02:52:00,22703,,SC,,1,2021-11-10T02:08:00.000,2
4,113.911498155012,22.41917089814,0,5,244005,2021/11/10 01:14:39,2021/11/10 02:52:00,22703,,SC,,1,2021-11-10T06:44:30.000,7
5,113.911275834459,22.4190943910669,0,6,355139,2021/11/10 06:37:42,2021/11/10 07:56:30,28481,,SC,,1,2021-11-10T06:44:30.000,7
0,113.912775592224,22.4196105020417,0,1,499875,2021/11/11 04:51:18,2021/11/11 07:56:52,7216,,SC,,1,2021-11-11T07:25:00.000,7
1,113.912194129713,22.4194104036056,0,2,236363,2021/11/11 03:02:39,2021/11/11 03:03:30,22312,,SC,,1,2021-11-11T03:03:30.000,3
2,113.910081217357,22.4186832880127,0,3,205433,2021/11/11 06:37:18,2021/11/11 07:39:30,20704,,SC,,1,2021-11-11T19:57:00.000,20
3,113.910626416968,22.4188709073133,0,4,205433,2021/11/11 06:37:18,2021/11/11 07:39:30,20704,,SC,,1,2021-11-11T06:40:30.000,7
4,113.911028510994,22.4190092797523,0,5,205433,2021/11/11 06:37:18,2021/11/11 07:39:30,20704,,SC,,1,2021-11-11T06:44:00.000,7
5,113.910381672441,22.4187866834877,0,6,310867,2021/11/11 08:00:00,2021/11/11 08:18:00,26169,,SC,,1,2021-11-11T06:40:30.000,7
6,113.911043733774,22.419014518361,0,7,287534,2021/11/11 05:25:42,2021/11/11 06:42:00,24957,,SC,,1,2021-11-11T06:44:00.000,7
7,113.911078414839,22.4190264531402,0,8,281137,2021/11/11 01:39:36,2021/11/11 02:41:30,24624,,SC,,1,2021-11-11T06:44:00.000,7
8,113.911311986039,22.419106831894,0,9,281137,2021/11/11 01:39:36,2021/11/11 02:41:30,24624,,SC,,1,2021-11-11T02:09:30.000,2
9,113.911499989874,22.4191715295703,0,10,281137,2021/11/11 01:39:36,2021/11/11 02:41:30,24624,,SC,,1,2021-11-11T02:09:30.000,2
0,113.91125793759,22.4190882322252,0,1,4165,2021/11/12 01:41:36,2021/11/12 02:42:00,10214,,SC,,1,2021-11-12T02:12:00.000,2
1,113.911956841959,22.419328745876,0,2,4165,2021/11/12 01:41:36,2021/11/12 02:42:00,10214,,SC,,1,2021-11-12T02:13:00.000,2
2,113.912324443326,22.4194552483716,0,3,4165,2021/11/12 01:41:36,2021/11/12 02:42:00,10214,,SC,,1,2021-11-12T01:50:00.000,2
3,113.909989306316,22.4186516587068,0,4,178338,2021/11/12 05:31:33,2021/11/12 05:49:00,19296,,SC,,1,2021-11-12T05:47:30.000,6
4,113.910106753019,22.4186920755888,0,5,178338,2021/11/12 05:31:33,2021/11/12 05:49:00,19296,,SC,,1,2021-11-12T05:47:30.000,6
5,113.910728213321,22.4189059384473,0,6,419002,2021/11/12 07:07:00,2021/11/12 07:10:30,31792,,SC,,1,2021-11-12T07:08:30.000,7
6,113.911793272346,22.4192724567374,0,7,179937,2021/11/12 06:08:36,2021/11/12 06:09:30,19379,,SC,,1,2021-11-12T01:49:30.000,2
7,113.911310449483,22.4191063031197,0,8,520750,2021/11/12 06:35:57,2021/11/12 07:39:00,8298,,SC,,1,2021-11-12T02:12:00.000,2
0,113.910341011534,22.4187726908679,0,1,98936,2021/11/13 01:33:54,2021/11/13 01:36:00,15167,,SC,,1,2021-11-13T01:35:00.000,2
1,113.910085919744,22.418684906243,0,2,135978,2021/11/13 07:01:45,2021/11/13 07:26:21,17097,,SC,,1,2021-11-13T03:24:30.000,3
2,113.910499131723,22.4188271046984,0,3,135978,2021/11/13 07:01:45,2021/11/13 07:26:21,17097,,SC,,1,2021-11-13T07:05:30.000,7
3,113.91149889318,22.4191711521655,0,4,181128,2021/11/13 02:28:18,2021/11/13 02:37:00,19438,,SC,,1,2021-11-13T11:17:00.000,11
4,113.910648080773,22.418878362469,0,5,231983,2021/11/13 06:37:45,2021/11/13 07:38:00,22086,,SC,,1,2021-11-13T07:06:00.000,7
5,113.91125405653,22.4190868966377,0,6,231983,2021/11/13 06:37:45,2021/11/13 07:38:00,22086,,SC,,1,2021-11-13T11:16:30.000,11
6,113.911397895044,22.4191363957216,0,7,462332,2021/11/13 11:02:54,2021/11/13 11:21:49,5248,,SC,,1,2021-11-13T08:41:00.000,9
7,113.911831971532,22.4192857742714,0,8,462332,2021/11/13 11:02:54,2021/11/13 11:21:49,5248,,SC,,1,2021-11-13T11:18:00.000,11
8,113.910493909536,22.4188253075894,0,9,320844,2021/11/13 04:21:33,2021/11/13 04:22:00,26690,,SC,,1,2021-11-13T07:05:30.000,7
9,113.910318465745,22.4187649321955,0,10,443993,2021/11/13 03:02:09,2021/11/13 03:51:30,4301,,SC,,1,2021-11-13T06:44:00.000,7
10,113.91211078728,22.4193817230111,0,11,443993,2021/11/13 03:02:09,2021/11/13 03:51:30,4301,,SC,,1,2021-11-13T11:18:00.000,11
11,113.911639155553,22.4192194205938,0,12,186291,2021/11/13 05:54:27,2021/11/13 05:55:30,19706,,SC,,1,2021-11-13T11:17:30.000,11
12,113.909799331734,22.4185862828381,0,13,233197,2021/11/13 03:47:09,2021/11/13 04:20:30,22149,,SC,,1,2021-11-13T03:43:00.000,4
13,113.911193216357,22.419065959736,0,14,279320,2021/11/13 04:50:54,2021/11/13 04:52:37,24533,,SC,,1,2021-11-13T11:16:30.000,11
14,113.911088634483,22.4190299700218,0,15,379518,2021/11/13 06:14:57,2021/11/13 06:32:00,29744,,SC,,1,2021-11-13T11:16:30.000,11
0,113.910583410937,22.418856107667,0,1,650,2021/11/14 04:11:42,2021/11/14 05:12:30,10030,,SC,,1,2021-11-14T01:59:30.000,2
1,113.910001594938,22.4186558875851,0,2,57987,2021/11/14 05:29:24,2021/11/14 05:44:30,13035,,SC,,1,2021-11-14T05:44:00.000,6
2,113.911217591297,22.4190743478732,0,3,435748,2021/11/14 01:30:48,2021/11/14 07:35:00,3866,,SC,,1,2021-11-14T23:43:00.000,0
3,113.912193040543,22.4194100287898,0,4,435748,2021/11/14 01:30:48,2021/11/14 07:35:00,3866,,SC,,1,2021-11-14T11:55:30.000,12
4,113.911268204098,22.4190917652341,0,5,429498,2021/11/14 02:34:45,2021/11/14 02:38:00,3536,,SC,,1,2021-11-14T23:43:00.000,0
5,113.91127824249,22.4190952197415,0,6,456278,2021/11/14 00:58:03,2021/11/14 01:00:10,4937,,SC,,1,2021-11-14T23:43:00.000,0
6,113.911806242211,22.4192769200514,0,7,355117,2021/11/14 11:55:06,2021/11/14 11:56:00,28480,,SC,,1,2021-11-14T01:38:00.000,2
7,113.909797297796,22.4185855829001,0,8,139105,2021/11/14 03:17:51,2021/11/14 03:40:00,17263,,SC,,1,2021-11-14T05:39:00.000,6
8,113.911204078703,22.41906969779,0,9,203823,2021/11/14 22:23:48,2021/11/14 23:44:30,20624,,SC,,1,2021-11-14T02:37:00.000,3
9,113.910590046784,22.4188583912581,0,10,435029,2021/11/14 01:48:15,2021/11/14 02:20:15,3827,,SC,,1,2021-11-14T01:59:30.000,2
10,113.911014750091,22.4190045442188,0,11,467438,2021/11/14 03:19:51,2021/11/14 03:53:16,5514,,SC,,1,2021-11-14T02:37:00.000,3
11,113.910661125607,22.4188828515817,0,12,72419,2021/11/14 06:27:45,2021/11/14 06:59:00,13789,,SC,,1,2021-11-14T06:43:00.000,7
0,113.911482073742,22.4191653640997,0,1,331677,2021/11/15 10:49:21,2021/11/15 10:49:30,27251,,SC,,1,2021-11-15T10:00:30.000,10
1,113.911349299969,22.4191196727203,0,2,286426,2021/11/15 03:44:03,2021/11/15 06:05:30,2490,,SC,,1,2021-11-15T02:07:00.000,2
2,113.910548028534,22.4188439315364,0,3,54799,2021/11/15 09:59:36,2021/11/15 10:17:00,12868,,SC,,1,2021-11-15T10:50:00.000,11
3,113.911547961155,22.4191880379059,0,4,54799,2021/11/15 09:59:36,2021/11/15 10:17:00,12868,,SC,,1,2021-11-15T10:00:30.000,10
4,113.910528265027,22.4188371303295,0,5,83220,2021/11/15 10:22:06,2021/11/15 10:51:00,14347,,SC,,1,2021-11-15T10:50:00.000,11
5,113.911166046519,22.4190566097915,0,6,83220,2021/11/15 10:22:06,2021/11/15 10:51:00,14347,,SC,,1,2021-11-15T02:07:00.000,2
6,113.910979924431,22.41899255968,0,7,38389,2021/11/15 01:37:33,2021/11/15 02:30:30,12013,,SC,,1,2021-11-15T10:02:30.000,10
7,113.911531776788,22.4191824683869,0,8,38389,2021/11/15 01:37:33,2021/11/15 02:30:30,12013,,SC,,1,2021-11-15T10:00:30.000,10
8,113.911564568343,22.4191937529302,0,9,38389,2021/11/15 01:37:33,2021/11/15 02:30:30,12013,,SC,,1,2021-11-15T10:00:30.000,10
9,113.910516435673,22.4188330594991,0,10,206312,2021/11/15 07:06:45,2021/11/15 07:42:00,20749,,SC,,1,2021-11-15T10:50:00.000,11
10,113.911161089791,22.419054904035,0,11,206312,2021/11/15 07:06:45,2021/11/15 07:42:00,20749,,SC,,1,2021-11-15T10:02:30.000,10
11,113.911819255697,22.4192813983767,0,12,206312,2021/11/15 07:06:45,2021/11/15 07:42:00,20749,,SC,,1,2021-11-15T10:49:30.000,11
12,113.91010849725,22.4186926758302,0,13,449339,2021/11/15 03:26:06,2021/11/15 04:17:00,458,,SC,,1,2021-11-15T07:34:00.000,8
13,113.91018963759,22.4187205986195,0,14,70522,2021/11/15 05:38:45,2021/11/15 07:58:00,13690,,SC,,1,2021-11-15T07:34:00.000,8
0,113.910623949414,22.4188700581552,0,1,183078,2021/11/16 08:13:27,2021/11/16 08:26:33,1954,,SC,,1,2021-11-16T08:23:12.000,8
1,113.910862167711,22.418952036112,0,2,96062,2021/11/16 01:38:24,2021/11/16 02:27:00,15017,,SC,,1,2021-11-16T08:23:30.000,8
2,113.911575184978,22.4191974064282,0,3,96062,2021/11/16 01:38:24,2021/11/16 02:27:00,15017,,SC,,1,2021-11-16T02:12:00.000,2
3,113.911898261969,22.4193085867699,0,4,96062,2021/11/16 01:38:24,2021/11/16 02:27:00,15017,,SC,,1,2021-11-16T07:21:00.000,7
4,113.911135881398,22.4190462290817,0,5,358921,2021/11/16 06:40:51,2021/11/16 07:34:30,28679,,SC,,1,2021-11-16T06:45:30.000,7
0,113.910722534189,22.4189039840901,0,1,491995,2021/11/17 04:02:48,2021/11/17 04:14:00,6802,,SC,,1,2021-11-17T04:14:00.000,4
1,113.910733116708,22.4189076258477,0,2,491995,2021/11/17 04:02:48,2021/11/17 04:14:00,6802,,SC,,1,2021-11-17T04:14:00.000,4
2,113.911655064407,22.4192248953008,0,3,413764,2021/11/17 06:39:57,2021/11/17 07:21:30,31516,,SC,,1,2021-11-17T06:45:30.000,7
3,113.910316689237,22.4187643208466,0,4,172252,2021/11/17 03:00:15,2021/11/17 06:46:00,18988,,SC,,1,2021-11-17T03:46:00.000,4
4,113.910566289102,22.4188502155373,0,5,247470,2021/11/17 01:38:12,2021/11/17 02:25:00,22883,,SC,,1,2021-11-17T02:12:30.000,2
5,113.911728346849,22.4192501139549,0,6,247470,2021/11/17 01:38:12,2021/11/17 02:25:00,22883,,SC,,1,2021-11-17T01:44:00.000,2
6,113.911805759286,22.4192767538627,0,7,247470,2021/11/17 01:38:12,2021/11/17 02:25:00,22883,,SC,,1,2021-11-17T01:44:00.000,2
7,113.912923356523,22.4196613521046,0,8,91200,2021/11/17 00:26:30,2021/11/17 04:58:30,1477,,SC,,1,2021-11-17T04:58:00.000,5
8,113.909866865553,22.4186095232215,0,9,216297,2021/11/17 19:46:57,2021/11/17 20:10:00,2127,,SC,,1,2021-11-17T20:06:00.000,20
0,113.910234728385,22.4187361156948,0,1,339739,2021/11/18 00:31:51,2021/11/18 02:29:00,27683,,SC,,1,2021-11-18T00:59:00.000,1
1,113.910397444229,22.418792111026,0,2,339739,2021/11/18 00:31:51,2021/11/18 02:29:00,27683,,SC,,1,2021-11-18T02:34:00.000,3
2,113.910640050533,22.418875599026,0,3,339739,2021/11/18 00:31:51,2021/11/18 02:29:00,27683,,SC,,1,2021-11-18T23:24:00.000,23
3,113.911099660617,22.4190337644406,0,4,416079,2021/11/18 06:35:48,2021/11/18 07:26:30,3164,,SC,,1,2021-11-18T06:43:00.000,7
4,113.912950988587,22.4196708611144,0,5,120732,2021/11/18 04:16:54,2021/11/18 04:38:00,16293,,SC,,1,2021-11-18T04:37:30.000,5
5,113.910570466754,22.4188516531909,0,6,200252,2021/11/18 01:38:00,2021/11/18 02:23:00,20436,,SC,,1,2021-11-18T02:33:03.000,3
6,113.911585620055,22.4192009974467,0,7,200252,2021/11/18 01:38:00,2021/11/18 02:23:00,20436,,SC,,1,2021-11-18T03:10:15.000,3
7,113.911943484888,22.4193241493132,0,8,200252,2021/11/18 01:38:00,2021/11/18 02:23:00,20436,,SC,,1,2021-11-18T02:09:30.000,2
8,113.910426749989,22.4188021960043,0,9,336615,2021/11/18 02:33:03,2021/11/18 02:46:30,27511,,SC,,1,2021-11-18T02:34:00.000,3
9,113.910633538008,22.4188733578735,0,10,316229,2021/11/18 22:02:48,2021/11/18 23:27:00,2645,,SC,,1,2021-11-18T23:24:00.000,23
10,113.9100731725,22.4186805195398,0,11,205885,2021/11/18 04:27:30,2021/11/18 04:29:39,20727,,SC,,1,2021-11-18T09:06:30.000,9
11,113.910159590159,22.4187102584105,0,12,70307,2021/11/18 08:27:30,2021/11/18 09:08:00,13679,,SC,,1,2021-11-18T01:00:03.000,1
12,113.91019190971,22.418721380523,0,13,70307,2021/11/18 08:27:30,2021/11/18 09:08:00,13679,,SC,,1,2021-11-18T00:59:30.000,1
0,113.911889130976,22.4193054445253,0,1,94609,2021/11/19 07:16:18,2021/11/19 08:03:00,14944,,SC,,1,2021-11-19T02:13:30.000,2
1,113.911073837504,22.4190248779441,0,2,467053,2021/11/19 16:51:00,2021/11/19 16:59:00,5494,,SC,,1,2021-11-19T01:59:00.000,2
2,113.910317116457,22.4187644678656,0,3,200989,2021/11/19 01:27:57,2021/11/19 01:33:00,20476,,SC,,1,2021-11-19T04:51:00.000,5
3,113.910360842043,22.418779515132,0,4,497004,2021/11/19 04:49:36,2021/11/19 04:53:30,7066,,SC,,1,2021-11-19T04:51:00.000,5
4,113.910052572487,22.4186734304663,0,5,398505,2021/11/19 01:16:42,2021/11/19 05:49:30,30727,,SC,,1,2021-11-19T04:43:30.000,5
5,113.909901786828,22.4186215406644,0,6,521329,2021/11/19 01:37:06,2021/11/19 02:52:30,8326,,SC,,1,2021-11-19T04:43:30.000,5
6,113.910687532112,22.4188919388408,0,7,521329,2021/11/19 01:37:06,2021/11/19 02:52:30,8326,,SC,,1,2021-11-19T01:59:00.000,2
7,113.91234174597,22.4194612027227,0,8,521329,2021/11/19 01:37:06,2021/11/19 02:52:30,8326,,SC,,1,2021-11-19T01:45:30.000,2
8,113.911600212147,22.4192060190166,0,9,243312,2021/11/19 06:04:39,2021/11/19 06:16:00,22667,,SC,,1,2021-11-19T06:06:00.000,6
9,113.909919527077,22.4186276456083,0,10,481994,2021/11/19 01:53:03,2021/11/19 03:24:00,6283,,SC,,1,2021-11-19T04:43:30.000,5
10,113.910821373514,22.4189379976232,0,11,510622,2021/11/19 01:58:36,2021/11/19 02:00:34,7767,,SC,,1,2021-11-19T01:59:00.000,2
11,113.911523646816,22.4191796706234,0,12,410358,2021/11/19 06:43:21,2021/11/19 07:18:00,31338,,SC,,1,2021-11-19T06:06:00.000,6
12,113.911671652235,22.4192306036627,0,13,410358,2021/11/19 06:43:21,2021/11/19 07:18:00,31338,,SC,,1,2021-11-19T06:06:00.000,6
13,113.911826418189,22.4192838632019,0,14,410358,2021/11/19 06:43:21,2021/11/19 07:18:00,31338,,SC,,1,2021-11-19T02:13:30.000,2
0,113.910462870901,22.4188146262777,0,1,96512,2021/11/20 23:18:48,2021/11/20 23:58:48,15039,,SC,,1,2021-11-20T23:20:30.000,23
1,113.909843087621,22.4186013405321,0,2,172787,2021/11/20 23:02:09,2021/11/20 23:58:09,19013,,SC,,1,2021-11-20T06:59:00.000,7
2,113.911771167954,22.4192648499629,0,3,537466,2021/11/20 06:43:45,2021/11/20 07:55:30,9152,,SC,,1,2021-11-20T06:51:30.000,7
3,113.911174350777,22.4190594675321,0,4,126959,2021/11/20 02:31:33,2021/11/20 02:33:27,16625,,SC,,1,2021-11-20T06:51:00.000,7
4,113.91001366104,22.4186600398872,0,5,260092,2021/11/20 05:55:24,2021/11/20 08:30:00,23542,,SC,,1,2021-11-20T02:29:30.000,2
5,113.911442507564,22.4191517482084,0,6,265172,2021/11/20 01:42:30,2021/11/20 02:31:30,23800,,SC,,1,2021-11-20T01:52:00.000,2
6,113.910036046953,22.4186677435418,0,7,232952,2021/11/20 06:21:42,2021/11/20 06:35:30,22134,,SC,,1,2021-11-20T02:29:30.000,2
7,113.91009667888,22.4186886087798,0,8,289091,2021/11/20 02:27:09,2021/11/20 07:27:30,25038,,SC,,1,2021-11-20T02:29:30.000,2
8,113.91016596825,22.4187124533,0,9,289091,2021/11/20 02:27:09,2021/11/20 07:27:30,25038,,SC,,1,2021-11-20T02:29:30.000,2
0,113.912686811453,22.4195799499544,0,1,457336,2021/11/21 14:13:15,2021/11/21 14:14:00,4994,,SC,,1,2021-11-21T14:13:30.000,14
1,113.910440966643,22.4188070883753,0,2,187319,2021/11/21 01:19:00,2021/11/21 02:12:30,1976,,SC,,1,2021-11-21T20:24:00.000,20
2,113.911481844855,22.4191652853329,0,3,189345,2021/11/21 13:06:54,2021/11/21 13:07:30,19865,,SC,,1,2021-11-21T05:10:30.000,5
3,113.911904705935,22.4193108043292,0,4,90605,2021/11/21 06:44:51,2021/11/21 07:45:30,14739,,SC,,1,2021-11-21T12:01:00.000,12
4,113.910747854119,22.4189126974261,0,5,199223,2021/11/21 04:05:03,2021/11/21 05:12:55,2038,,SC,,1,2021-11-21T03:17:30.000,3
5,113.910437658037,22.418805949786,0,6,423686,2021/11/21 01:40:57,2021/11/21 02:38:00,3230,,SC,,1,2021-11-21T20:24:00.000,20
6,113.910914138415,22.4189699207673,0,7,423686,2021/11/21 01:40:57,2021/11/21 02:38:00,3230,,SC,,1,2021-11-21T02:13:00.000,2
7,113.911676483667,22.4192322663011,0,8,423686,2021/11/21 01:40:57,2021/11/21 02:38:00,3230,,SC,,1,2021-11-21T01:48:30.000,2
8,113.910145030449,22.4187052479839,0,9,129099,2021/11/21 01:27:57,2021/11/21 03:23:00,16736,,SC,,1,2021-11-21T20:24:00.000,20
9,113.909958029024,22.4186408952664,0,10,349541,2021/11/21 05:00:36,2021/11/21 05:04:00,28189,,SC,,1,2021-11-21T03:52:00.000,4
10,113.909989958057,22.4186518829903,0,11,198702,2021/11/21 14:21:30,2021/11/21 14:26:30,20350,,SC,,1,2021-11-21T03:52:00.000,4
11,113.910051603297,22.4186730969393,0,12,326959,2021/11/21 20:01:03,2021/11/21 20:47:00,27001,,SC,,1,2021-11-21T03:52:00.000,4
12,113.91305300054,22.4197059664427,0,13,30499,2021/11/21 06:47:45,2021/11/21 06:58:22,11603,,SC,,1,2021-11-21T06:54:30.000,7
13,113.912413960973,22.4194860540397,0,14,480494,2021/11/21 11:56:45,2021/11/21 13:01:30,6203,,SC,,1,2021-11-21T12:11:30.000,12
14,113.91247275623,22.4195062872253,0,15,480494,2021/11/21 11:56:45,2021/11/21 13:01:30,6203,,SC,,1,2021-11-21T12:11:30.000,12
15,113.911364384791,22.4191248638532,0,16,511180,2021/11/21 05:00:12,2021/11/21 05:30:30,7797,,SC,,1,2021-11-21T05:11:00.000,5
16,113.91137998496,22.4191302323324,0,17,511180,2021/11/21 05:00:12,2021/11/21 05:30:30,7797,,SC,,1,2021-11-21T05:11:00.000,5
17,113.911311279506,22.4191065887551,0,18,15787,2021/11/21 04:38:03,2021/11/21 07:45:00,10834,,SC,,1,2021-11-21T05:11:00.000,5
18,113.912049240078,22.4193605427996,0,19,542848,2021/11/21 05:32:30,2021/11/21 05:39:00,9423,,SC,,1,2021-11-21T06:52:30.000,7
19,113.910122227881,22.4186974009464,0,20,7337,2021/11/21 02:44:21,2021/11/21 04:32:30,10388,,SC,,1,2021-11-21T20:24:00.000,20
20,113.909896072342,22.4186195741407,0,21,387202,2021/11/21 03:51:36,2021/11/21 05:14:01,30139,,SC,,1,2021-11-21T03:52:00.000,4
0,113.91080642415,22.418932853105,0,1,222516,2021/11/22 01:29:42,2021/11/22 02:17:00,21593,,SC,,1,2021-11-22T06:39:00.000,7
1,113.910890476792,22.4189617781036,0,2,2572,2021/11/22 06:31:30,2021/11/22 07:15:30,1013,,SC,,1,2021-11-22T06:39:00.000,7
0,113.912179597873,22.4194054027701,0,1,391211,2021/11/23 01:37:12,2021/11/23 02:16:00,3035,,SC,,1,2021-11-23T20:42:30.000,21
1,113.910859953577,22.4189512741632,0,2,181488,2021/11/23 06:40:36,2021/11/23 07:27:00,19455,,SC,,1,2021-11-23T01:53:00.000,2
2,113.91098002402,22.4189925939514,0,3,41801,2021/11/23 20:23:42,2021/11/23 21:10:30,12196,,SC,,1,2021-11-23T01:53:00.000,2
3,113.912590087031,22.4195466642221,0,4,41801,2021/11/23 20:23:42,2021/11/23 21:10:30,12196,,SC,,1,2021-11-23T01:44:30.000,2
4,113.909831822286,22.4185974637973,0,5,565,2021/11/23 05:39:57,2021/11/23 06:27:30,10026,,SC,,1,2021-11-23T05:41:30.000,6
5,113.909929156509,22.4186309593805,0,6,274311,2021/11/23 05:43:21,2021/11/23 06:04:30,24270,,SC,,1,2021-11-23T09:24:00.000,9
6,113.910931897888,22.4189760323269,0,7,80253,2021/11/23 01:06:30,2021/11/23 01:53:54,14197,,SC,,1,2021-11-23T01:53:00.000,2
7,113.910051870498,22.4186731888913,0,8,286041,2021/11/23 04:55:45,2021/11/23 05:23:00,24880,,SC,,1,2021-11-23T05:18:00.000,5
8,113.910187503006,22.4187198640461,0,9,286041,2021/11/23 04:55:45,2021/11/23 05:23:00,24880,,SC,,1,2021-11-23T05:17:30.000,5
9,113.909948682482,22.4186376788449,0,10,151069,2021/11/23 08:46:24,2021/11/23 09:29:00,17889,,SC,,1,2021-11-23T09:24:00.000,9
10,113.910080224231,22.4186829462489,0,11,151069,2021/11/23 08:46:24,2021/11/23 09:29:00,17889,,SC,,1,2021-11-23T05:18:00.000,5
11,113.910205083534,22.4187259140254,0,12,484035,2021/11/23 09:07:51,2021/11/23 09:30:30,639,,SC,,1,2021-11-23T05:17:30.000,5
0,113.910969878456,22.4189891025629,0,1,116582,2021/11/24 02:10:12,2021/11/24 02:44:56,16074,,SC,,1,2021-11-24T02:03:30.000,2
1,113.910816498084,22.4189363198434,0,2,515550,2021/11/24 06:55:48,2021/11/24 07:39:30,8022,,SC,,1,2021-11-24T02:15:30.000,2
2,113.910330375627,22.4187690307378,0,3,157054,2021/11/24 04:26:51,2021/11/24 04:31:00,18201,,SC,,1,2021-11-24T04:26:51.000,4
3,113.911368883603,22.4191264120274,0,4,479686,2021/11/24 02:21:51,2021/11/24 03:13:30,616,,SC,,1,2021-11-24T02:25:30.000,2
0,113.910604801892,22.4188634689266,0,1,33481,2021/11/25 06:34:00,2021/11/25 07:29:30,11756,,SC,,1,2021-11-25T01:11:30.000,1
1,113.911215534179,22.4190736399582,0,2,282524,2021/11/25 01:14:12,2021/11/25 02:49:30,24695,,SC,,1,2021-11-25T02:10:30.000,2
2,113.911242887324,22.4190830529836,0,3,282524,2021/11/25 01:14:12,2021/11/25 02:49:30,24695,,SC,,1,2021-11-25T02:10:30.000,2
3,113.911400170669,22.4191371788314,0,4,282524,2021/11/25 01:14:12,2021/11/25 02:49:30,24695,,SC,,1,2021-11-25T02:10:30.000,2
4,113.910541488068,22.4188416807687,0,5,293803,2021/11/25 01:07:33,2021/11/25 01:15:00,25282,,SC,,1,2021-11-25T01:11:30.000,1
5,113.910313260817,22.418763141026,0,6,230757,2021/11/25 02:11:24,2021/11/25 02:13:00,2202,,SC,,1,2021-11-25T02:11:30.000,2
0,113.909910855629,22.4186246615069,0,1,207804,2021/11/26 03:09:21,2021/11/26 04:26:30,20826,,SC,,1,2021-11-26T03:27:00.000,3
1,113.910171208503,22.4187142566259,0,2,207804,2021/11/26 03:09:21,2021/11/26 04:26:30,20826,,SC,,1,2021-11-26T01:09:33.000,1
2,113.910249292151,22.4187411275171,0,3,516501,2021/11/26 00:57:33,2021/11/26 01:51:30,8075,,SC,,1,2021-11-26T01:09:33.000,1
3,113.910364880647,22.4187809049352,0,4,516501,2021/11/26 00:57:33,2021/11/26 01:51:30,8075,,SC,,1,2021-11-26T01:08:15.000,1
4,113.910461143376,22.4188140317854,0,5,516501,2021/11/26 00:57:33,2021/11/26 01:51:30,8075,,SC,,1,2021-11-26T01:07:30.000,1
5,113.910496038547,22.4188260402452,0,6,516501,2021/11/26 00:57:33,2021/11/26 01:51:30,8075,,SC,,1,2021-11-26T01:07:30.000,1
6,113.911142445107,22.4190484878481,0,7,179278,2021/11/26 01:37:48,2021/11/26 02:45:30,19345,,SC,,1,2021-11-26T02:09:00.000,2
7,113.911247333723,22.4190845831209,0,8,179278,2021/11/26 01:37:48,2021/11/26 02:45:30,19345,,SC,,1,2021-11-26T02:09:00.000,2
8,113.911312261491,22.4191069266853,0,9,179278,2021/11/26 01:37:48,2021/11/26 02:45:30,19345,,SC,,1,2021-11-26T02:09:00.000,2
9,113.912149313771,22.4193949811152,0,10,294872,2021/11/26 19:33:12,2021/11/26 20:12:30,25335,,SC,,1,2021-11-26T20:01:30.000,20
10,113.910807997047,22.4189333943853,0,11,20149,2021/11/26 04:34:45,2021/11/26 05:11:30,11059,,SC,,1,2021-11-26T06:35:00.000,7
11,113.912888366239,22.4196493109138,0,12,20149,2021/11/26 04:34:45,2021/11/26 05:11:30,11059,,SC,,1,2021-11-26T04:34:45.000,5
12,113.91090807797,22.4189678351893,0,13,68541,2021/11/26 06:26:54,2021/11/26 07:34:30,13588,,SC,,1,2021-11-26T06:35:00.000,7
0,113.910764455213,22.4189184103535,0,1,481522,2021/11/27 06:29:06,2021/11/27 07:33:30,6259,,SC,,1,2021-11-27T07:03:30.000,7
1,113.91082240548,22.4189383527531,0,2,481522,2021/11/27 06:29:06,2021/11/27 07:33:30,6259,,SC,,1,2021-11-27T07:03:30.000,7
2,113.911193037194,22.4190658980805,0,3,481522,2021/11/27 06:29:06,2021/11/27 07:33:30,6259,,SC,,1,2021-11-27T23:32:21.000,0
3,113.909970281941,22.4186451118571,0,4,131757,2021/11/27 00:12:30,2021/11/27 00:15:13,16871,,SC,,1,2021-11-27T01:29:30.000,1
4,113.910617665395,22.4188678956384,0,5,200991,2021/11/27 23:39:51,2021/11/27 23:59:51,20476,,SC,,1,2021-11-27T02:30:04.000,3
5,113.909945797726,22.418636686115,0,6,345583,2021/11/27 04:00:51,2021/11/27 07:55:00,27988,,SC,,1,2021-11-27T01:29:30.000,1
6,113.910845089866,22.4189461591208,0,7,292449,2021/11/27 23:18:15,2021/11/27 23:58:15,25216,,SC,,1,2021-11-27T07:03:30.000,7
7,113.910833572974,22.418942195818,0,8,92034,2021/11/27 00:17:57,2021/11/27 00:21:00,14810,,SC,,1,2021-11-27T07:03:30.000,7
8,113.910264273422,22.4187462830154,0,9,141620,2021/11/27 00:27:42,2021/11/27 01:16:30,17396,,SC,,1,2021-11-27T00:32:30.000,1
9,113.91236855105,22.4194704271431,0,10,486654,2021/11/27 01:37:18,2021/11/27 02:47:30,6526,,SC,,1,2021-11-27T01:45:30.000,2
10,113.911128427636,22.4190436640221,0,11,293804,2021/11/27 23:32:21,2021/11/28 00:00:00,25282,,SC,,1,2021-11-27T23:32:21.000,0
11,113.909882073112,22.4186147565921,0,12,506959,2021/11/27 01:27:39,2021/11/27 02:49:30,7579,,SC,,1,2021-11-27T01:29:30.000,1
12,113.911699615339,22.419240226593,0,13,342408,2021/11/27 17:17:18,2021/11/27 17:18:30,27821,,SC,,1,2021-11-27T17:18:00.000,17
13,113.910819210422,22.4189372532391,0,14,477878,2021/11/27 02:29:36,2021/11/27 02:30:04,6063,,SC,,1,2021-11-27T07:03:30.000,7
0,113.910038004884,22.4186684173237,0,1,467136,2021/11/28 02:45:03,2021/11/28 02:56:00,5499,,SC,,1,2021-11-28T03:44:30.000,4
1,113.910071170096,22.4186798304534,0,2,467136,2021/11/28 02:45:03,2021/11/28 02:56:00,5499,,SC,,1,2021-11-28T03:44:30.000,4
2,113.910429720574,22.4188032182705,0,3,276459,2021/11/28 18:46:57,2021/11/28 18:56:00,24385,,SC,,1,2021-11-28T03:47:06.000,4
3,113.909972953423,22.4186460311932,0,4,189315,2021/11/28 19:10:45,2021/11/28 19:36:00,19863,,SC,,1,2021-11-28T00:22:00.000,0
4,113.910132505311,22.4187009377136,0,5,92338,2021/11/28 03:27:39,2021/11/28 03:53:16,14826,,SC,,1,2021-11-28T03:44:30.000,4
5,113.910481407386,22.41882100523,0,6,92338,2021/11/28 03:27:39,2021/11/28 03:53:16,14826,,SC,,1,2021-11-28T03:47:30.000,4
6,113.911286781199,22.4190981581637,0,7,92338,2021/11/28 03:27:39,2021/11/28 03:53:16,14826,,SC,,1,2021-11-28T00:33:30.000,1
7,113.910302372379,22.4187593939925,0,8,146040,2021/11/28 02:45:18,2021/11/28 05:25:00,17627,,SC,,1,2021-11-28T04:48:21.000,5
8,113.910201339685,22.4187246256563,0,9,388450,2021/11/28 04:15:39,2021/11/28 05:53:30,30204,,SC,,1,2021-11-28T03:44:30.000,4
9,113.909934879882,22.4186329289623,0,10,405016,2021/11/28 03:18:51,2021/11/28 04:00:00,31060,,SC,,1,2021-11-28T02:53:03.000,3
10,113.911984403821,22.4193382307275,0,11,300243,2021/11/28 01:54:03,2021/11/28 02:49:00,25615,,SC,,1,2021-11-28T02:03:00.000,2
11,113.910140015136,22.4187035220663,0,12,218958,2021/11/28 03:58:33,2021/11/28 05:19:30,21408,,SC,,1,2021-11-28T03:44:30.000,4
12,113.910135647519,22.4187020190403,0,13,293804,2021/11/28 00:00:00,2021/11/28 00:38:30,25282,,SC,,1,2021-11-28T03:44:30.000,4
13,113.910279594198,22.4187515553472,0,14,293804,2021/11/28 00:00:00,2021/11/28 00:38:30,25282,,SC,,1,2021-11-28T04:48:21.000,5
14,113.911057222357,22.4190191601808,0,15,293804,2021/11/28 00:00:00,2021/11/28 00:38:30,25282,,SC,,1,2021-11-28T00:34:36.000,1
15,113.910351383066,22.4187762600186,0,16,553110,2021/11/28 06:28:24,2021/11/28 06:53:30,9962,,SC,,1,2021-11-28T04:48:21.000,5
16,113.911621777362,22.4192134402445,0,17,553110,2021/11/28 06:28:24,2021/11/28 06:53:30,9962,,SC,,1,2021-11-28T00:33:30.000,1
17,113.910925309663,22.4189737651239,0,18,1328,2021/11/28 03:52:00,2021/11/28 03:53:30,10067,,SC,,1,2021-11-28T03:53:00.000,4
18,113.910660294908,22.4188825657138,0,19,17329,2021/11/28 01:39:33,2021/11/28 02:03:00,10911,,SC,,1,2021-11-28T01:45:33.000,2
19,113.911779465187,22.4192677052861,0,20,414228,2021/11/28 04:56:12,2021/11/28 05:27:30,31541,,SC,,1,2021-11-28T02:03:00.000,2
0,113.911379200515,22.4191299623819,0,1,378907,2021/11/29 01:36:06,2021/11/29 02:49:00,2971,,SC,,1,2021-11-29T08:21:57.000,8
1,113.911468741151,22.4191607759611,0,2,378907,2021/11/29 01:36:06,2021/11/29 02:49:00,2971,,SC,,1,2021-11-29T08:21:57.000,8
2,113.911741488837,22.4192546365013,0,3,378907,2021/11/29 01:36:06,2021/11/29 02:49:00,2971,,SC,,1,2021-11-29T08:22:00.000,8
3,113.910346514557,22.4187745846205,0,4,491485,2021/11/29 06:31:51,2021/11/29 07:53:03,6777,,SC,,1,2021-11-29T06:39:00.000,7
4,113.910939227352,22.4189785546121,0,5,491485,2021/11/29 06:31:51,2021/11/29 07:53:03,6777,,SC,,1,2021-11-29T06:38:00.000,7
5,113.91123303373,22.4190796620707,0,6,491485,2021/11/29 06:31:51,2021/11/29 07:53:03,6777,,SC,,1,2021-11-29T07:02:00.000,7
6,113.910169402928,22.4187136352741,0,7,495473,2021/11/29 04:37:21,2021/11/29 04:39:30,6984,,SC,,1,2021-11-29T06:30:03.000,7
7,113.911672335649,22.4192308388455,0,8,533501,2021/11/29 08:21:57,2021/11/29 08:23:30,8955,,SC,,1,2021-11-29T08:22:00.000,8
8,113.910202340372,22.4187249700221,0,9,374138,2021/11/29 06:26:03,2021/11/29 06:41:21,29465,,SC,,1,2021-11-29T06:33:30.000,7
9,113.910208001782,22.4187269182807,0,10,374138,2021/11/29 06:26:03,2021/11/29 06:41:21,29465,,SC,,1,2021-11-29T06:33:30.000,7
10,113.910805665912,22.418932592173,0,11,509135,2021/11/29 01:48:39,2021/11/29 01:53:37,7691,,SC,,1,2021-11-29T06:38:00.000,7
0,113.910802701707,22.4189315721024,0,1,169347,2021/11/30 01:34:51,2021/11/30 02:43:30,1884,,SC,,1,2021-11-30T01:44:30.000,2
1,113.911569564777,22.419195472351,0,2,443209,2021/11/30 06:34:15,2021/11/30 07:46:30,426,,SC,,1,2021-11-30T06:42:00.000,7
2,113.910082957265,22.4186838867665,0,3,504615,2021/11/30 02:22:15,2021/11/30 02:41:57,746,,SC,,1,2021-11-30T02:40:00.000,3
0,113.909984890427,22.418650139069,0,1,301349,2021/12/01 21:02:45,2021/12/01 21:30:33,25672,,SC,,1,2021-12-01T21:27:30.000,21
1,113.911070455017,22.4190237139304,0,2,32772,2021/12/01 09:54:06,2021/12/01 13:50:00,11719,,SC,,1,2021-12-01T13:37:30.000,14
2,113.911381206112,22.4191306525671,0,3,32772,2021/12/01 09:54:06,2021/12/01 13:50:00,11719,,SC,,1,2021-12-01T10:50:00.000,11
3,113.912603959594,22.4195514381808,0,4,32772,2021/12/01 09:54:06,2021/12/01 13:50:00,11719,,SC,,1,2021-12-01T12:48:30.000,13
4,113.909822402962,22.4185942223296,0,5,267242,2021/12/01 18:34:24,2021/12/01 18:43:36,23907,,SC,,1,2021-12-01T22:17:06.000,22
5,113.909828583572,22.4185963492601,0,6,267242,2021/12/01 18:34:24,2021/12/01 18:43:36,23907,,SC,,1,2021-12-01T22:16:30.000,22
6,113.910042909874,22.4186701052758,0,7,267242,2021/12/01 18:34:24,2021/12/01 18:43:36,23907,,SC,,1,2021-12-01T18:43:00.000,19
7,113.912213200178,22.4194169663164,0,8,316461,2021/12/01 06:42:12,2021/12/01 07:46:30,26461,,SC,,1,2021-12-01T06:33:30.000,7
8,113.909856826262,22.4186060684048,0,9,403154,2021/12/01 21:20:12,2021/12/01 22:18:12,30970,,SC,,1,2021-12-01T22:16:30.000,22
9,113.909897867798,22.4186201920102,0,10,403154,2021/12/01 21:20:12,2021/12/01 22:18:12,30970,,SC,,1,2021-12-01T22:17:30.000,22
10,113.909916247597,22.4186265170423,0,11,403154,2021/12/01 21:20:12,2021/12/01 22:18:12,30970,,SC,,1,2021-12-01T22:17:30.000,22
11,113.911179579245,22.4190612668026,0,12,178806,2021/12/01 01:38:24,2021/12/01 05:11:28,19319,60.0,SC,PV,1,2021-12-01T10:50:00.000,11
12,113.910399801301,22.4187929221644,0,13,238626,2021/12/01 05:24:51,2021/12/01 07:50:30,22429,,SC,,1,2021-12-01T07:14:30.000,7
13,113.910400864611,22.4187932880807,0,14,238626,2021/12/01 05:24:51,2021/12/01 07:50:30,22429,,SC,,1,2021-12-01T07:14:30.000,7
14,113.910536105669,22.418839828526,0,15,238626,2021/12/01 05:24:51,2021/12/01 07:50:30,22429,,SC,,1,2021-12-01T06:41:06.000,7
15,113.910562396339,22.4188488759227,0,16,238626,2021/12/01 05:24:51,2021/12/01 07:50:30,22429,,SC,,1,2021-12-01T06:41:06.000,7
16,113.911521173538,22.4191788194952,0,17,238626,2021/12/01 05:24:51,2021/12/01 07:50:30,22429,,SC,,1,2021-12-01T07:16:00.000,7
17,113.911842195531,22.4192892926515,0,18,238626,2021/12/01 05:24:51,2021/12/01 07:50:30,22429,,SC,,1,2021-12-01T06:34:00.000,7
18,113.911971776835,22.4193338854083,0,19,238626,2021/12/01 05:24:51,2021/12/01 07:50:30,22429,,SC,,1,2021-12-01T06:34:00.000,7
19,113.912825294304,22.4196276059964,0,20,238626,2021/12/01 05:24:51,2021/12/01 07:50:30,22429,,SC,,1,2021-12-01T06:38:00.000,7
20,113.910652085993,22.4188797407836,0,21,233453,2021/12/01 06:33:48,2021/12/01 18:50:39,22161,,SC,,1,2021-12-01T06:41:06.000,7
21,113.912615302134,22.4195553414842,0,22,233453,2021/12/01 06:33:48,2021/12/01 18:50:39,22161,,SC,,1,2021-12-01T12:48:30.000,13
0,113.909895135449,22.4186192517281,0,1,344132,2021/12/02 02:20:33,2021/12/02 06:27:30,2791,,SC,,1,2021-12-02T08:32:30.000,9
1,113.910890193754,22.4189616807018,0,2,70083,2021/12/02 01:36:33,2021/12/02 02:19:30,13666,,SC,,1,2021-12-02T01:45:00.000,2
2,113.911110184981,22.4190373861852,0,3,70083,2021/12/02 01:36:33,2021/12/02 02:19:30,13666,,SC,,1,2021-12-02T01:45:00.000,2
3,113.912030366445,22.4193540478247,0,4,70083,2021/12/02 01:36:33,2021/12/02 02:19:30,13666,,SC,,1,2021-12-02T04:58:00.000,5
4,113.909831023634,22.4185971889577,0,5,195110,2021/12/02 18:01:00,2021/12/02 19:01:00,20167,,SC,,1,2021-12-02T08:32:30.000,9
5,113.910201081319,22.4187245367447,0,6,195110,2021/12/02 18:01:00,2021/12/02 19:01:00,20167,,SC,,1,2021-12-02T18:34:30.000,19
6,113.912390375587,22.4194779376111,0,7,195110,2021/12/02 18:01:00,2021/12/02 19:01:00,20167,,SC,,1,2021-12-02T18:18:30.000,18
7,113.910075604636,22.4186813565097,0,8,433839,2021/12/02 06:41:33,2021/12/02 06:45:00,3768,,SC,,1,2021-12-02T05:14:00.000,5
8,113.909906553823,22.4186231811282,0,9,464476,2021/12/02 10:41:42,2021/12/02 12:14:00,5359,,SC,,1,2021-12-02T08:32:30.000,9
9,113.912096457936,22.4193767918603,0,10,464476,2021/12/02 10:41:42,2021/12/02 12:14:00,5359,,SC,,1,2021-12-02T04:58:00.000,5
10,113.911562483247,22.4191930353872,0,11,147653,2021/12/02 06:37:15,2021/12/02 07:35:30,17711,,SC,,1,2021-12-02T06:43:30.000,7
11,113.909858740324,22.4186067270898,0,12,126471,2021/12/02 08:31:36,2021/12/02 08:53:36,16600,,SC,,1,2021-12-02T08:32:30.000,9
12,113.91185646438,22.4192942029842,0,13,29885,2021/12/02 09:49:15,2021/12/02 10:40:30,11570,,SC,,1,2021-12-02T10:39:00.000,11
13,113.912083985447,22.4193724997081,0,14,313779,2021/12/02 04:48:18,2021/12/02 04:58:30,26325,,SC,,1,2021-12-02T04:58:00.000,5
14,113.90982601376,22.418595464912,0,15,307650,2021/12/02 04:39:00,2021/12/02 05:33:00,260,,SC,,1,2021-12-02T08:32:30.000,9
0,113.910393202085,22.4187906511789,0,1,17204,2021/12/03 02:04:27,2021/12/03 05:58:00,10904,,RTV,,1,2021-12-03T05:49:30.000,6
1,113.909935214195,22.4186330440094,0,2,105198,2021/12/03 07:33:09,2021/12/03 07:50:00,15484,,SC,,1,2021-12-03T07:40:30.000,8
2,113.91133146154,22.4191135339896,0,3,305251,2021/12/03 09:44:27,2021/12/03 10:36:30,25875,,SC,,1,2021-12-03T01:32:30.000,2
3,113.912495927344,22.4195142610906,0,4,305251,2021/12/03 09:44:27,2021/12/03 10:36:30,25875,,SC,,1,2021-12-03T19:33:30.000,20
4,113.910913668826,22.4189697591679,0,5,201232,2021/12/03 04:20:57,2021/12/03 09:19:00,20489,,SC,,1,2021-12-03T08:38:39.000,9
5,113.91067789754,22.4188886232999,0,6,539557,2021/12/03 07:24:33,2021/12/03 07:58:00,9259,,SC,,1,2021-12-03T07:51:00.000,8
6,113.910452281099,22.4188109820139,0,7,545677,2021/12/03 02:59:15,2021/12/03 03:57:30,957,,SC,,1,2021-12-03T05:49:30.000,6
7,113.910268638017,22.4187477850013,0,8,98302,2021/12/03 10:38:00,2021/12/03 12:22:30,15134,,SC,,1,2021-12-03T05:49:30.000,6
8,113.912536357796,22.4195281744041,0,9,24490,2021/12/03 18:49:30,2021/12/03 20:36:30,11285,,SC,,1,2021-12-03T19:33:30.000,20
9,113.91152861237,22.4191813794173,0,10,198579,2021/12/03 06:49:45,2021/12/03 07:50:30,20344,60.0,SC,SC,1,2021-12-03T07:14:30.000,7
10,113.911628895295,22.4192158897357,0,11,198579,2021/12/03 06:49:45,2021/12/03 07:50:30,20344,60.0,SC,SC,1,2021-12-03T07:14:30.000,7
11,113.911253405843,22.4190866727172,0,12,470340,2021/12/03 02:49:54,2021/12/03 04:00:00,5668,,SC,,1,2021-12-03T05:07:00.000,5
12,113.911711589856,22.4192443473785,0,13,470340,2021/12/03 02:49:54,2021/12/03 04:00:00,5668,,SC,,1,2021-12-03T03:43:30.000,4
13,113.91177074465,22.4192647042913,0,14,470340,2021/12/03 02:49:54,2021/12/03 04:00:00,5668,,SC,,1,2021-12-03T03:43:30.000,4
14,113.91131296408,22.4191071684669,0,15,470341,2021/12/03 04:53:54,2021/12/03 05:17:30,5668,,SC,,1,2021-12-03T01:32:30.000,2
15,113.91156265632,22.4191930949468,0,16,470341,2021/12/03 04:53:54,2021/12/03 05:17:30,5668,,SC,,1,2021-12-03T07:14:30.000,7
16,113.91073493169,22.4189082504365,0,17,470342,2021/12/03 06:32:03,2021/12/03 07:02:30,5668,,SC,,1,2021-12-03T07:51:00.000,8
17,113.911030987197,22.419010131887,0,18,470342,2021/12/03 06:32:03,2021/12/03 07:02:30,5668,,SC,,1,2021-12-03T08:38:39.000,9
18,113.911265861279,22.4190909590008,0,19,470342,2021/12/03 06:32:03,2021/12/03 07:02:30,5668,,SC,,1,2021-12-03T05:07:00.000,5
19,113.911645835042,22.4192217192035,0,20,470342,2021/12/03 06:32:03,2021/12/03 07:02:30,5668,,SC,,1,2021-12-03T07:14:30.000,7
20,113.910205851775,22.4187261783999,0,21,132806,2021/12/03 23:50:36,2021/12/03 23:52:27,16926,,SC,,1,2021-12-03T23:51:00.000,0
21,113.911110027291,22.4190373319196,0,22,89186,2021/12/03 01:47:27,2021/12/03 02:32:36,14663,,SC,,1,2021-12-03T10:17:00.000,10
22,113.911445365745,22.4191527317931,0,23,89186,2021/12/03 01:47:27,2021/12/03 02:32:36,14663,,SC,,1,2021-12-03T01:32:30.000,2
23,113.912528500871,22.4195254706039,0,24,89186,2021/12/03 01:47:27,2021/12/03 02:32:36,14663,,SC,,1,2021-12-03T19:33:30.000,20
24,113.910726006464,22.4189051790025,0,25,62688,2021/12/03 10:31:51,2021/12/03 10:33:00,13281,,SC,,1,2021-12-03T07:51:00.000,8
0,113.912517319166,22.4195216226489,0,1,420333,2021/12/04 13:47:15,2021/12/04 14:09:34,3186,,SC,,1,2021-12-04T13:55:30.000,14
1,113.910067481697,22.4186785611662,0,2,6713,2021/12/04 02:15:57,2021/12/04 03:32:30,10354,,SC,,1,2021-12-04T05:10:00.000,5
2,113.911340173203,22.4191165319301,0,3,160393,2021/12/04 01:54:42,2021/12/04 01:59:00,18377,,SC,,1,2021-12-04T01:46:30.000,2
3,113.911446967344,22.4191532829507,0,4,43493,2021/12/04 03:01:12,2021/12/04 03:07:46,12282,,SC,,1,2021-12-04T03:02:00.000,3
4,113.912155186756,22.4193970021832,0,5,223543,2021/12/04 01:36:00,2021/12/04 02:35:00,21644,,SC,,1,2021-12-04T20:04:30.000,20
5,113.911147748363,22.4190503128553,0,6,188999,2021/12/04 01:43:03,2021/12/04 01:50:00,19849,,SC,,1,2021-12-04T04:58:30.000,5
6,113.911375389992,22.4191286510682,0,7,188999,2021/12/04 01:43:03,2021/12/04 01:50:00,19849,,SC,,1,2021-12-04T01:46:30.000,2
7,113.911072639891,22.4190244658102,0,8,448359,2021/12/04 06:32:21,2021/12/04 07:38:00,453,,SC,,1,2021-12-04T04:58:30.000,5
8,113.91109655386,22.4190326953136,0,9,395001,2021/12/04 04:58:18,2021/12/04 04:59:16,30540,,SC,,1,2021-12-04T04:58:30.000,5
9,113.912170481378,22.4194022655144,0,10,10079,2021/12/04 19:33:54,2021/12/04 20:17:00,10532,,SC,,1,2021-12-04T20:04:30.000,20
10,113.911845145528,22.4192903078327,0,11,122392,2021/12/04 09:49:36,2021/12/04 11:29:18,16382,,SC,,1,2021-12-04T03:20:30.000,3
11,113.910289507246,22.41875496672,0,12,192312,2021/12/04 03:08:12,2021/12/04 03:11:00,20018,,SC,,1,2021-12-04T03:29:30.000,3
12,113.911103057169,22.4190349332945,0,13,396156,2021/12/04 07:52:42,2021/12/04 08:19:30,30603,,SC,,1,2021-12-04T04:58:30.000,5
13,113.912216281919,22.4194180268343,0,14,396156,2021/12/04 07:52:42,2021/12/04 08:19:30,30603,,SC,,1,2021-12-04T20:04:30.000,20
14,113.910948087538,22.418981603664,0,15,17414,2021/12/04 02:58:06,2021/12/04 04:46:00,10916,,SC,,1,2021-12-04T04:06:30.000,4
15,113.91117886151,22.4190610198087,0,16,17414,2021/12/04 02:58:06,2021/12/04 04:46:00,10916,,SC,,1,2021-12-04T04:58:30.000,5
16,113.911357695996,22.4191225620412,0,17,17414,2021/12/04 02:58:06,2021/12/04 04:46:00,10916,,SC,,1,2021-12-04T01:46:30.000,2
17,113.911549851682,22.4191886884921,0,18,17414,2021/12/04 02:58:06,2021/12/04 04:46:00,10916,,SC,,1,2021-12-04T03:03:00.000,3
18,113.911359742903,22.4191232664423,0,19,461424,2021/12/04 17:19:09,2021/12/04 17:21:00,52,,SC,,1,2021-12-04T01:46:30.000,2
19,113.910137364258,22.418702609821,0,20,385312,2021/12/04 05:09:27,2021/12/04 05:15:30,30041,,SC,,1,2021-12-04T05:10:00.000,5
0,113.910052841398,22.4186735230066,0,1,214008,2021/12/05 04:46:03,2021/12/05 05:00:30,21149,,SC,,1,2021-12-05T01:08:33.000,1
1,113.910470885949,22.4188173844926,0,2,542159,2021/12/05 02:59:00,2021/12/05 03:03:30,939,,SC,,1,2021-12-05T08:45:00.000,9
2,113.911398797816,22.4191367063921,0,3,246615,2021/12/05 04:53:45,2021/12/05 04:57:09,22839,,SC,,1,2021-12-05T04:54:30.000,5
3,113.91287736032,22.4196455234516,0,4,345686,2021/12/05 02:29:21,2021/12/05 04:33:30,27992,,SC,,1,2021-12-05T04:31:30.000,5
4,113.911564897152,22.4191938660832,0,5,380206,2021/12/05 05:17:12,2021/12/05 05:21:00,29779,,SC,,1,2021-12-05T06:53:30.000,7
5,113.910745453797,22.4189118714044,0,6,337133,2021/12/05 03:20:48,2021/12/05 03:25:00,27538,,SC,,1,2021-12-05T08:45:00.000,9
6,113.910872845965,22.4189557108148,0,7,464354,2021/12/05 00:17:15,2021/12/05 01:07:30,5352,,SC,,1,2021-12-05T00:18:00.000,0
7,113.911157972979,22.4190538314478,0,8,298328,2021/12/05 21:11:57,2021/12/05 21:44:00,25513,,SC,,1,2021-12-05T21:21:30.000,21
8,113.912504962317,22.4195173702918,0,9,298328,2021/12/05 21:11:57,2021/12/05 21:44:00,25513,,SC,,1,2021-12-05T21:23:30.000,21
9,113.911182150471,22.4190621516374,0,10,50636,2021/12/05 01:44:18,2021/12/05 01:54:02,12648,,SC,,1,2021-12-05T21:21:30.000,21
10,113.910581757526,22.4188555386795,0,11,109724,2021/12/05 03:16:09,2021/12/05 03:17:00,15715,,SC,,1,2021-12-05T08:45:00.000,9
11,113.911324883356,22.419111270242,0,12,210218,2021/12/05 01:41:18,2021/12/05 02:36:30,20953,,SC,,1,2021-12-05T04:54:30.000,5
12,113.911657788419,22.4192258327137,0,13,261567,2021/12/05 06:46:03,2021/12/05 07:01:00,23618,,SC,,1,2021-12-05T06:53:30.000,7
13,113.911790754677,22.4192715903333,0,14,268899,2021/12/05 04:25:33,2021/12/05 05:30:30,23996,,SC,,1,2021-12-05T05:29:30.000,5
14,113.910737582048,22.4189091625029,0,15,251042,2021/12/05 06:51:15,2021/12/05 08:46:00,23069,,SC,,1,2021-12-05T08:45:00.000,9
15,113.911722416551,22.4192480731641,0,16,248979,2021/12/05 01:12:12,2021/12/05 01:13:00,22958,,SC,,1,2021-12-05T06:53:30.000,7
16,113.909852963113,22.4186047389809,0,17,331812,2021/12/05 04:20:18,2021/12/05 06:09:30,27258,,SC,,1,2021-12-05T06:21:00.000,6
0,113.910807493151,22.4189332209799,0,1,547438,2021/12/06 10:39:09,2021/12/06 12:18:00,9661,,SC,,1,2021-12-06T19:56:00.000,20
1,113.910266164212,22.4187469336919,0,2,88182,2021/12/06 09:59:45,2021/12/06 10:37:00,14607,,SC,,1,2021-12-06T10:19:00.000,10
2,113.911592703963,22.4192034352286,0,3,411277,2021/12/06 17:49:12,2021/12/06 21:30:04,31386,,SC,,1,2021-12-06T01:42:30.000,2
3,113.911163819992,22.4190558435777,0,4,210576,2021/12/06 01:34:30,2021/12/06 02:26:00,20972,,SC,,1,2021-12-06T21:11:00.000,21
4,113.911370078491,22.4191268232238,0,5,210576,2021/12/06 01:34:30,2021/12/06 02:26:00,20972,,SC,,1,2021-12-06T02:06:30.000,2
5,113.911065832907,22.4190221233255,0,6,71292,2021/12/06 20:28:06,2021/12/06 21:38:00,13730,,SC,,1,2021-12-06T21:11:00.000,21
6,113.912421193841,22.4194885430833,0,7,71292,2021/12/06 20:28:06,2021/12/06 21:38:00,13730,,SC,,1,2021-12-06T21:13:00.000,21
7,113.911157382897,22.419053628383,0,8,115874,2021/12/06 03:03:00,2021/12/06 03:04:24,16036,,SC,,1,2021-12-06T21:11:00.000,21
8,113.909910849591,22.4186246594291,0,9,471126,2021/12/06 01:48:21,2021/12/06 01:51:24,5709,,SC,,1,2021-12-06T01:49:00.000,2
9,113.910601699084,22.4188624011587,0,10,221399,2021/12/06 19:54:54,2021/12/06 19:59:00,21538,,SC,,1,2021-12-06T19:56:30.000,20
10,113.911342733594,22.4191174130363,0,11,491380,2021/12/06 06:29:48,2021/12/06 07:45:30,6772,,SC,,1,2021-12-06T02:06:30.000,2
0,113.912078195393,22.4193705071795,0,1,76619,2021/12/07 02:08:42,2021/12/07 02:12:12,14009,,SC,,1,2021-12-07T01:43:00.000,2
1,113.910581284913,22.4188553760391,0,2,313869,2021/12/07 01:34:39,2021/12/07 02:45:00,2633,,SC,,1,2021-12-07T02:08:00.000,2
2,113.910610026472,22.4188652668592,0,3,313869,2021/12/07 01:34:39,2021/12/07 02:45:00,2633,,SC,,1,2021-12-07T02:08:00.000,2
3,113.912015392613,22.4193488948866,0,4,313869,2021/12/07 01:34:39,2021/12/07 02:45:00,2633,,SC,,1,2021-12-07T01:43:00.000,2
4,113.911072358155,22.4190243688564,0,5,244307,2021/12/07 07:04:09,2021/12/07 07:44:00,22719,60.0,SC,PV,1,2021-12-07T02:07:30.000,2
5,113.911321165937,22.419109990968,0,6,244307,2021/12/07 07:04:09,2021/12/07 07:44:00,22719,60.0,SC,PV,1,2021-12-07T07:07:30.000,7
6,113.911820713286,22.419281899976,0,7,419884,2021/12/07 07:04:42,2021/12/07 07:11:30,31837,,SC,,1,2021-12-07T07:09:30.000,7
7,113.911990760835,22.4193404183636,0,8,177105,2021/12/07 07:28:03,2021/12/07 07:29:15,19232,,SC,,1,2021-12-07T07:09:30.000,7
8,113.911006849322,22.4190018253306,0,9,315613,2021/12/07 06:37:57,2021/12/07 06:50:30,26419,,SC,,1,2021-12-07T02:07:30.000,2
9,113.909990761638,22.4186521595262,0,10,56940,2021/12/07 03:00:15,2021/12/07 03:24:03,12979,,SC,,1,2021-12-07T03:22:00.000,3
10,113.911192507296,22.419065715727,0,11,113753,2021/12/07 07:03:48,2021/12/07 07:10:30,15926,,SC,,1,2021-12-07T02:07:30.000,2
0,113.911594804531,22.4192041580961,0,1,366543,2021/12/08 01:36:03,2021/12/08 02:36:00,29072,,SC,,1,2021-12-08T06:44:00.000,7
1,113.911163178995,22.4190556229918,0,2,181016,2021/12/08 21:17:06,2021/12/08 21:42:00,19431,,SC,,1,2021-12-08T07:22:00.000,7
2,113.912754500014,22.4196032435891,0,3,181016,2021/12/08 21:17:06,2021/12/08 21:42:00,19431,,SC,,1,2021-12-08T21:29:30.000,21
3,113.910789367809,22.4189269835141,0,4,26250,2021/12/08 07:08:12,2021/12/08 07:40:30,11381,,SC,,1,2021-12-08T06:51:24.000,7
4,113.912756067563,22.4196037830289,0,5,26250,2021/12/08 07:08:12,2021/12/08 07:40:30,11381,,SC,,1,2021-12-08T21:29:30.000,21
5,113.911479748883,22.4191645640469,0,6,93108,2021/12/08 06:36:21,2021/12/08 07:47:30,14866,,SC,,1,2021-12-08T01:43:30.000,2
0,113.911997239611,22.4193426479019,0,1,330007,2021/12/09 20:24:06,2021/12/09 20:25:21,27160,,SC,,1,2021-12-09T20:54:30.000,21
1,113.911754721132,22.4192591901254,0,2,83871,2021/12/09 07:53:36,2021/12/09 07:55:30,14382,,SC,,1,2021-12-09T06:29:00.000,6
2,113.911644078225,22.4192211146307,0,3,136840,2021/12/09 06:08:51,2021/12/09 06:31:00,17143,,SC,,1,2021-12-09T06:28:30.000,6
3,113.911650265913,22.4192232439972,0,4,149204,2021/12/09 07:43:48,2021/12/09 08:29:57,17793,,SC,,1,2021-12-09T06:28:30.000,6
4,113.910244876285,22.4187396078871,0,5,356941,2021/12/09 03:09:27,2021/12/09 05:06:00,28578,,SC,,1,2021-12-09T03:13:30.000,3
5,113.911218515089,22.4190746657773,0,6,434797,2021/12/09 03:05:06,2021/12/09 03:46:30,3815,,SC,,1,2021-12-09T03:13:30.000,3
6,113.911317922897,22.4191088749423,0,7,434797,2021/12/09 03:05:06,2021/12/09 03:46:30,3815,,SC,,1,2021-12-09T03:13:00.000,3
7,113.910251925735,22.4187420338111,0,8,40898,2021/12/09 06:34:27,2021/12/09 07:57:00,12147,,SC,,1,2021-12-09T03:13:30.000,3
8,113.910732887313,22.4189075469059,0,9,40898,2021/12/09 06:34:27,2021/12/09 07:57:00,12147,,SC,,1,2021-12-09T07:14:00.000,7
9,113.910736653065,22.4189088428124,0,10,40898,2021/12/09 06:34:27,2021/12/09 07:57:00,12147,,SC,,1,2021-12-09T07:14:00.000,7
10,113.911327996053,22.419112341413,0,11,114410,2021/12/09 01:38:12,2021/12/09 02:43:00,15960,,SC,,1,2021-12-09T03:13:00.000,3
11,113.911413752163,22.419141852625,0,12,114410,2021/12/09 01:38:12,2021/12/09 02:43:00,15960,,SC,,1,2021-12-09T03:03:57.000,3
12,113.912182696699,22.4194064691676,0,13,114410,2021/12/09 01:38:12,2021/12/09 02:43:00,15960,,SC,,1,2021-12-09T20:54:30.000,21
13,113.910219866623,22.4187310013231,0,14,118480,2021/12/09 20:42:36,2021/12/09 21:07:00,16171,,SC,,1,2021-12-09T03:13:30.000,3
14,113.912434559797,22.4194931427039,0,15,118480,2021/12/09 20:42:36,2021/12/09 21:07:00,16171,,SC,,1,2021-12-09T02:12:30.000,2
15,113.911571770281,22.41919623133,0,16,290054,2021/12/09 00:44:18,2021/12/09 02:40:00,25088,,SC,,1,2021-12-09T06:28:00.000,6
16,113.911596829028,22.4192048547855,0,17,290054,2021/12/09 00:44:18,2021/12/09 02:40:00,25088,,SC,,1,2021-12-09T06:28:30.000,6
0,113.91127180153,22.4190930032166,0,1,341931,2021/12/10 01:34:57,2021/12/10 02:35:00,27797,,SC,,1,2021-12-10T07:11:30.000,7
1,113.911354887097,22.419121595416,0,2,341931,2021/12/10 01:34:57,2021/12/10 02:35:00,27797,,SC,,1,2021-12-10T07:11:30.000,7
2,113.911785936718,22.4192699323312,0,3,341931,2021/12/10 01:34:57,2021/12/10 02:35:00,27797,,SC,,1,2021-12-10T02:06:00.000,2
3,113.911200091818,22.4190683257853,0,4,356024,2021/12/10 22:01:18,2021/12/10 22:02:00,28528,,SC,,1,2021-12-10T22:01:30.000,22
4,113.910072704427,22.4186803584618,0,5,521033,2021/12/10 23:17:33,2021/12/10 23:21:00,831,,SC,,1,2021-12-10T03:54:00.000,4
5,113.913169931604,22.4197462058781,0,6,275027,2021/12/10 20:53:00,2021/12/10 21:28:30,24306,,SC,,1,2021-12-10T21:16:30.000,21
6,113.910994604415,22.4189976114962,0,7,455617,2021/12/10 06:36:00,2021/12/10 07:32:00,4902,,SC,,1,2021-12-10T22:01:30.000,22
7,113.911292508236,22.4191001290061,0,8,455617,2021/12/10 06:36:00,2021/12/10 07:32:00,4902,,SC,,1,2021-12-10T07:11:30.000,7
0,113.910596193519,22.4188605065313,0,1,477711,2021/12/11 03:53:15,2021/12/11 03:54:27,6055,,SC,,1,2021-12-11T03:04:00.000,3
1,113.911086792554,22.4190293361597,0,2,477711,2021/12/11 03:53:15,2021/12/11 03:54:27,6055,,SC,,1,2021-12-11T03:06:00.000,3
2,113.910946286765,22.4189809839647,0,3,215776,2021/12/11 05:10:18,2021/12/11 05:10:30,21239,70.0,SC,HSV,1,2021-12-11T03:06:00.000,3
3,113.910007892445,22.4186580547433,0,4,39436,2021/12/11 06:30:27,2021/12/11 08:24:42,12069,,SC,,1,2021-12-11T08:24:42.000,8
4,113.91055173996,22.4188452087476,0,5,39436,2021/12/11 06:30:27,2021/12/11 08:24:42,12069,,SC,,1,2021-12-11T03:04:00.000,3
5,113.910961325654,22.4189861592912,0,6,39436,2021/12/11 06:30:27,2021/12/11 08:24:42,12069,,SC,,1,2021-12-11T03:06:00.000,3
6,113.911058483038,22.4190195940186,0,7,39436,2021/12/11 06:30:27,2021/12/11 08:24:42,12069,,SC,,1,2021-12-11T03:06:00.000,3
7,113.911302297339,22.419103497726,0,8,39436,2021/12/11 06:30:27,2021/12/11 08:24:42,12069,,SC,,1,2021-12-11T08:09:30.000,8
8,113.911711732929,22.4192443966141,0,9,39436,2021/12/11 06:30:27,2021/12/11 08:24:42,12069,,SC,,1,2021-12-11T08:13:30.000,8
9,113.911735939838,22.4192527269268,0,10,39436,2021/12/11 06:30:27,2021/12/11 08:24:42,12069,,SC,,1,2021-12-11T08:13:30.000,8
10,113.911955856611,22.4193284067887,0,11,39436,2021/12/11 06:30:27,2021/12/11 08:24:42,12069,,SC,,1,2021-12-11T03:21:30.000,3
11,113.909878763738,22.4186136177386,0,12,59907,2021/12/11 02:09:51,2021/12/11 03:06:00,13138,52.0,SC,PV,1,2021-12-11T01:29:00.000,1
12,113.910491114304,22.4188243456677,0,13,84376,2021/12/11 23:51:24,2021/12/11 23:59:24,14409,70.0,SC,RTV,1,2021-12-11T23:55:30.000,0
13,113.910491147911,22.4188243572325,0,14,84376,2021/12/11 23:51:24,2021/12/11 23:59:24,14409,70.0,SC,RTV,1,2021-12-11T23:55:30.000,0
14,113.910491152944,22.4188243589646,0,15,84376,2021/12/11 23:51:24,2021/12/11 23:59:24,14409,70.0,SC,RTV,1,2021-12-11T23:55:30.000,0
15,113.910525883585,22.4188363108049,0,16,84376,2021/12/11 23:51:24,2021/12/11 23:59:24,14409,70.0,SC,RTV,1,2021-12-11T23:55:30.000,0
16,113.910568370371,22.4188509317637,0,17,399405,2021/12/11 05:21:27,2021/12/11 06:54:00,30771,,SC,,1,2021-12-11T03:04:00.000,3
17,113.910532702922,22.4188386575402,0,18,325512,2021/12/11 06:50:42,2021/12/11 06:57:00,26927,,SC,,1,2021-12-11T03:04:00.000,3
18,113.91156311925,22.4191932542544,0,19,365988,2021/12/11 01:35:51,2021/12/11 01:51:00,29042,,SC,,1,2021-12-11T08:13:00.000,8
19,113.911073798534,22.4190248645335,0,20,30287,2021/12/11 15:32:21,2021/12/11 15:33:33,11592,,SC,,1,2021-12-11T03:06:00.000,3
20,113.909891553097,22.4186180189352,0,21,467917,2021/12/11 02:06:21,2021/12/11 03:17:06,554,60.0,SC,PV,1,2021-12-11T01:29:00.000,1
21,113.911641972826,22.4192203901007,0,22,467917,2021/12/11 02:06:21,2021/12/11 03:17:06,554,60.0,SC,PV,1,2021-12-11T08:13:00.000,8
22,113.911851806647,22.4192926001206,0,23,467917,2021/12/11 02:06:21,2021/12/11 03:17:06,554,60.0,SC,PV,1,2021-12-11T03:22:00.000,3
23,113.911638911732,22.4192193366878,0,24,496186,2021/12/11 06:26:09,2021/12/11 06:27:30,7021,,SC,,1,2021-12-11T08:13:00.000,8
24,113.910387609359,22.4187887265565,0,25,209648,2021/12/11 10:31:30,2021/12/11 13:55:30,20923,70.0,SC,RTV,1,2021-12-11T03:13:00.000,3
25,113.910422493827,22.4188007313332,0,26,209648,2021/12/11 10:31:30,2021/12/11 13:55:30,20923,70.0,SC,RTV,1,2021-12-11T03:53:15.000,4
26,113.910532747952,22.4188386730364,0,27,209648,2021/12/11 10:31:30,2021/12/11 13:55:30,20923,70.0,SC,RTV,1,2021-12-11T03:04:00.000,3
27,113.910608296812,22.418864671632,0,28,209648,2021/12/11 10:31:30,2021/12/11 13:55:30,20923,70.0,SC,RTV,1,2021-12-11T03:04:00.000,3
28,113.909940761601,22.4186349530356,0,29,21058,2021/12/11 02:55:24,2021/12/11 03:16:30,11107,,SC,,1,2021-12-11T01:29:00.000,1
29,113.910483054063,22.4188215719005,0,30,21058,2021/12/11 02:55:24,2021/12/11 03:16:30,11107,,SC,,1,2021-12-11T23:55:30.000,0
30,113.910621190733,22.4188691088114,0,31,21058,2021/12/11 02:55:24,2021/12/11 03:16:30,11107,,SC,,1,2021-12-11T03:04:00.000,3
31,113.910902967521,22.4189660765327,0,32,21058,2021/12/11 02:55:24,2021/12/11 03:16:30,11107,,SC,,1,2021-12-11T03:06:00.000,3
32,113.910331974829,22.4187695810707,0,33,159387,2021/12/11 06:21:39,2021/12/11 06:35:00,18323,,SC,,1,2021-12-11T03:13:00.000,3
33,113.91024911163,22.4187410653944,0,34,257577,2021/12/11 07:10:48,2021/12/11 07:48:00,23410,,SC,,1,2021-12-11T07:29:00.000,7
34,113.90989760613,22.4186201019626,0,35,322921,2021/12/11 01:05:30,2021/12/11 02:32:30,26795,,SC,,1,2021-12-11T01:29:00.000,1
35,113.910287921666,22.4187544210751,0,36,130285,2021/12/11 03:10:03,2021/12/11 09:05:00,16797,,SC,,1,2021-12-11T07:29:00.000,7
36,113.911776990273,22.4192668535949,0,37,121769,2021/12/11 03:13:00,2021/12/11 03:27:00,16349,,SC,,1,2021-12-11T08:13:30.000,8
0,113.91056619815,22.4188501842383,0,1,222074,2021/12/12 03:32:24,2021/12/12 03:42:06,21571,,SC,,1,2021-12-12T04:09:00.000,4
1,113.909991877419,22.4186525434997,0,2,432370,2021/12/12 04:24:51,2021/12/12 04:53:00,3690,,SC,,1,2021-12-12T01:39:00.000,2
2,113.911717385986,22.4192463419981,0,3,543514,2021/12/12 20:46:51,2021/12/12 21:08:09,9458,,SC,,1,2021-12-12T20:58:30.000,21
3,113.912172315992,22.4194028968593,0,4,543514,2021/12/12 20:46:51,2021/12/12 21:08:09,9458,,SC,,1,2021-12-12T20:59:30.000,21
4,113.91081331425,22.4189352241922,0,5,446229,2021/12/12 04:16:27,2021/12/12 04:20:30,4419,,SC,,1,2021-12-12T17:58:30.000,18
5,113.9115587724,22.419191758375,0,6,190934,2021/12/12 01:54:30,2021/12/12 02:45:30,1995,,SC,,1,2021-12-12T04:25:00.000,4
6,113.910274867336,22.4187499286942,0,7,49063,2021/12/12 00:01:48,2021/12/12 01:43:30,12568,,SC,,1,2021-12-12T05:38:00.000,6
7,113.910480550663,22.4188207104063,0,8,116131,2021/12/12 04:07:51,2021/12/12 04:37:22,1605,,SC,,1,2021-12-12T04:09:00.000,4
8,113.911182179492,22.4190621616245,0,9,116131,2021/12/12 04:07:51,2021/12/12 04:37:22,1605,,SC,,1,2021-12-12T04:21:51.000,4
9,113.911411933271,22.4191412266906,0,10,116131,2021/12/12 04:07:51,2021/12/12 04:37:22,1605,,SC,,1,2021-12-12T04:24:57.000,4
10,113.911427958554,22.4191467414642,0,11,116131,2021/12/12 04:07:51,2021/12/12 04:37:22,1605,,SC,,1,2021-12-12T04:25:00.000,4
11,113.911788984232,22.4192709810707,0,12,336370,2021/12/12 05:12:06,2021/12/12 05:40:21,275,,SC,,1,2021-12-12T20:58:30.000,21
12,113.911061502072,22.4190206329575,0,13,346281,2021/12/12 17:01:30,2021/12/12 18:05:00,28021,,SC,,1,2021-12-12T17:57:30.000,18
13,113.911070394722,22.4190236931812,0,14,346281,2021/12/12 17:01:30,2021/12/12 18:05:00,28021,,SC,,1,2021-12-12T17:57:30.000,18
0,113.911011715022,22.4190034997619,0,1,315537,2021/12/13 01:02:51,2021/12/13 01:40:51,26415,,SC,,1,2021-12-13T21:12:30.000,21
1,113.911160432749,22.4190546779273,0,2,315537,2021/12/13 01:02:51,2021/12/13 01:40:51,26415,,SC,,1,2021-12-13T01:28:30.000,1
2,113.911611476534,22.4192098954254,0,3,315537,2021/12/13 01:02:51,2021/12/13 01:40:51,26415,,SC,,1,2021-12-13T01:27:30.000,1
3,113.910879549541,22.4189580177136,0,4,491884,2021/12/13 02:03:12,2021/12/13 03:57:22,6799,60.0,SC,PV,1,2021-12-13T01:29:30.000,1
4,113.911212729917,22.4190726749286,0,5,491884,2021/12/13 02:03:12,2021/12/13 03:57:22,6799,60.0,SC,PV,1,2021-12-13T01:28:30.000,1
5,113.912154055779,22.4193966129803,0,6,380408,2021/12/13 01:35:15,2021/12/13 01:51:00,2979,,SC,,1,2021-12-13T01:26:30.000,1
6,113.910049423762,22.4186723468971,0,7,446289,2021/12/13 03:42:42,2021/12/13 04:13:00,4422,,SC,,1,2021-12-13T04:09:30.000,4
7,113.910059623644,22.4186758569778,0,8,446289,2021/12/13 03:42:42,2021/12/13 04:13:00,4422,,SC,,1,2021-12-13T04:09:30.000,4
8,113.911212431114,22.4190725721017,0,9,58626,2021/12/13 06:34:48,2021/12/13 06:45:30,13071,,SC,,1,2021-12-13T01:28:30.000,1
9,113.910071134783,22.418679818301,0,10,475829,2021/12/13 07:04:57,2021/12/13 08:17:00,596,60.0,SC,PV,1,2021-12-13T04:09:30.000,4
10,113.911661703779,22.4192271801047,0,11,475829,2021/12/13 07:04:57,2021/12/13 08:17:00,596,60.0,SC,PV,1,2021-12-13T01:27:30.000,1
11,113.911841317854,22.4192889906169,0,12,475829,2021/12/13 07:04:57,2021/12/13 08:17:00,596,60.0,SC,PV,1,2021-12-13T08:10:00.000,8
12,113.90981332158,22.4185910971576,0,13,146695,2021/12/13 05:28:48,2021/12/13 05:40:00,17663,,SC,,1,2021-12-13T05:33:30.000,6
13,113.90987336836,22.4186117610294,0,14,146695,2021/12/13 05:28:48,2021/12/13 05:40:00,17663,,SC,,1,2021-12-13T05:31:00.000,6
14,113.911075260918,22.419025367783,0,15,281031,2021/12/13 20:30:03,2021/12/13 21:26:00,24618,,SC,,1,2021-12-13T21:12:30.000,21
15,113.912989004082,22.4196839433698,0,16,281031,2021/12/13 20:30:03,2021/12/13 21:26:00,24618,,SC,,1,2021-12-13T21:15:00.000,21
16,113.912332061874,22.419457870139,0,17,199609,2021/12/13 03:06:18,2021/12/13 03:15:00,2040,60.0,SC,SC,1,2021-12-13T01:26:00.000,1
0,113.910655015887,22.4188807490468,0,1,216046,2021/12/14 04:19:48,2021/12/14 04:46:00,21254,,RTV,,1,2021-12-14T04:21:00.000,4
1,113.910627518733,22.4188712864632,0,2,508177,2021/12/14 02:38:57,2021/12/14 04:21:30,7638,,SC,,1,2021-12-14T06:38:00.000,7
2,113.910701799489,22.4188968486668,0,3,12863,2021/12/14 03:14:42,2021/12/14 03:17:00,10674,,SC,,1,2021-12-14T04:21:00.000,4
3,113.909874175033,22.4186120386297,0,4,102843,2021/12/14 02:58:57,2021/12/14 05:27:34,15365,31.0,SC,TT_LF,1,2021-12-14T04:00:39.000,4
4,113.910086560652,22.4186851267986,0,5,102843,2021/12/14 02:58:57,2021/12/14 05:27:34,15365,31.0,SC,TT_LF,1,2021-12-14T03:31:00.000,4
5,113.910187275764,22.4187197858453,0,6,102843,2021/12/14 02:58:57,2021/12/14 05:27:34,15365,31.0,SC,TT_LF,1,2021-12-14T03:22:30.000,3
6,113.911132710877,22.4190451380119,0,7,311227,2021/12/14 10:28:00,2021/12/14 11:50:00,26187,,SC,,1,2021-12-14T10:54:30.000,11
7,113.91164305653,22.4192207630352,0,8,311227,2021/12/14 10:28:00,2021/12/14 11:50:00,26187,,SC,,1,2021-12-14T10:32:30.000,11
8,113.912561829945,22.4195369401233,0,9,311227,2021/12/14 10:28:00,2021/12/14 11:50:00,26187,,SC,,1,2021-12-14T11:12:00.000,11
9,113.910310978742,22.4187623556963,0,10,413803,2021/12/14 03:11:24,2021/12/14 04:57:01,31518,52.0,SC,PV,1,2021-12-14T03:49:00.000,4
10,113.911518998467,22.4191780709891,0,11,413803,2021/12/14 03:11:24,2021/12/14 04:57:01,31518,52.0,SC,PV,1,2021-12-14T09:36:30.000,10
11,113.911054539675,22.4190182369907,0,12,282161,2021/12/14 05:26:48,2021/12/14 05:40:30,24677,52.0,SC,PV,1,2021-12-14T10:55:00.000,11
12,113.911161387941,22.4190550066372,0,13,258529,2021/12/14 08:21:57,2021/12/14 09:00:00,23463,,SC,,1,2021-12-14T04:35:00.000,5
13,113.911602384767,22.4192067666796,0,14,390542,2021/12/14 05:31:54,2021/12/14 06:43:30,30314,,SC,,1,2021-12-14T03:19:30.000,3
14,113.911117708153,22.4190399751312,0,15,153731,2021/12/14 01:37:18,2021/12/14 02:24:30,18025,,SC,,1,2021-12-14T10:55:00.000,11
15,113.911298328276,22.4191021318541,0,16,153731,2021/12/14 01:37:18,2021/12/14 02:24:30,18025,,SC,,1,2021-12-14T04:51:00.000,5
16,113.913054665325,22.4197065393445,0,17,153731,2021/12/14 01:37:18,2021/12/14 02:24:30,18025,,SC,,1,2021-12-14T02:06:39.000,2
17,113.909932659771,22.4186321649565,0,18,530819,2021/12/14 06:02:21,2021/12/14 06:57:09,8814,,SC,,1,2021-12-14T03:47:09.000,4
18,113.91091413722,22.418969920356,0,19,482557,2021/12/14 09:04:27,2021/12/14 11:46:30,6314,,SC,,1,2021-12-14T03:29:30.000,3
19,113.911357049508,22.4191223395657,0,20,482557,2021/12/14 09:04:27,2021/12/14 11:46:30,6314,,SC,,1,2021-12-14T10:44:00.000,11
20,113.911424705081,22.419145621848,0,21,528654,2021/12/14 02:48:09,2021/12/14 23:59:15,8703,70.0,SC,RTV,1,2021-12-14T10:43:30.000,11
21,113.910741572803,22.4189105358396,0,22,328559,2021/12/14 23:43:24,2021/12/14 23:49:00,27084,,SC,,1,2021-12-14T04:21:00.000,4
22,113.910556221618,22.4188467510186,0,23,253592,2021/12/14 04:07:57,2021/12/14 09:01:30,23198,52.0,SC,PV,1,2021-12-14T06:38:00.000,7
23,113.910574882393,22.4188531727429,0,24,253592,2021/12/14 04:07:57,2021/12/14 09:01:30,23198,52.0,SC,PV,1,2021-12-14T06:38:00.000,7
24,113.910616942407,22.4188676468367,0,25,253592,2021/12/14 04:07:57,2021/12/14 09:01:30,23198,52.0,SC,PV,1,2021-12-14T06:38:00.000,7
25,113.910808964975,22.4189337274782,0,26,253592,2021/12/14 04:07:57,2021/12/14 09:01:30,23198,52.0,SC,PV,1,2021-12-14T04:21:00.000,4
26,113.911077981616,22.4190263040557,0,27,253592,2021/12/14 04:07:57,2021/12/14 09:01:30,23198,52.0,SC,PV,1,2021-12-14T10:55:00.000,11
27,113.91116511936,22.4190562907287,0,28,253592,2021/12/14 04:07:57,2021/12/14 09:01:30,23198,52.0,SC,PV,1,2021-12-14T04:35:00.000,5
28,113.911215287293,22.4190735549973,0,29,253592,2021/12/14 04:07:57,2021/12/14 09:01:30,23198,52.0,SC,PV,1,2021-12-14T04:51:00.000,5
29,113.911288953315,22.4190989056528,0,30,253592,2021/12/14 04:07:57,2021/12/14 09:01:30,23198,52.0,SC,PV,1,2021-12-14T04:51:00.000,5
30,113.911432685657,22.4191483681999,0,31,34269,2021/12/14 02:46:42,2021/12/14 03:21:30,11799,52.0,SC,PV,1,2021-12-14T10:43:30.000,11
31,113.911760656576,22.4192612326871,0,32,153298,2021/12/14 02:15:06,2021/12/14 03:17:00,18003,60.0,SC,SC,1,2021-12-14T10:32:30.000,11
32,113.909875103322,22.4186123580812,0,33,184019,2021/12/14 03:47:09,2021/12/14 03:49:00,1959,52.0,SC,PV,1,2021-12-14T04:00:39.000,4
33,113.911962348446,22.4193306408209,0,34,394040,2021/12/14 08:12:00,2021/12/14 08:19:00,30493,,SC,,1,2021-12-14T08:12:30.000,8
34,113.910018594118,22.4186617375053,0,35,459420,2021/12/14 18:48:18,2021/12/14 19:50:55,510,,SC,,1,2021-12-14T03:31:00.000,4
35,113.911256170365,22.4190876240708,0,36,473841,2021/12/14 07:45:51,2021/12/14 08:11:30,5850,,SC,,1,2021-12-14T04:51:00.000,5
36,113.910683804779,22.4188906561554,0,37,66441,2021/12/14 06:31:54,2021/12/14 06:44:30,13475,,SC,,1,2021-12-14T04:21:00.000,4
37,113.911548846785,22.4191883426773,0,38,66442,2021/12/14 07:28:12,2021/12/14 07:59:30,13475,60.0,SC,PV,1,2021-12-14T07:33:30.000,8
38,113.911887258076,22.419304800005,0,39,66442,2021/12/14 07:28:12,2021/12/14 07:59:30,13475,60.0,SC,PV,1,2021-12-14T08:12:30.000,8
39,113.911894883743,22.4193074242224,0,40,66442,2021/12/14 07:28:12,2021/12/14 07:59:30,13475,60.0,SC,PV,1,2021-12-14T08:12:30.000,8
40,113.910397858733,22.4187922536691,0,41,305752,2021/12/14 06:27:00,2021/12/14 06:29:39,2590,,SC,,1,2021-12-14T03:49:00.000,4
41,113.911607579418,22.4192085543125,0,42,348495,2021/12/14 02:47:48,2021/12/14 12:07:00,28133,70.0,RTV,RTV,1,2021-12-14T03:19:30.000,3
42,113.910646634893,22.4188778648989,0,43,331784,2021/12/14 03:20:45,2021/12/14 03:29:30,27256,,SC,,1,2021-12-14T04:21:00.000,4
0,113.911630332392,22.4192163842833,0,1,240756,2021/12/15 02:45:27,2021/12/15 02:59:30,22539,,SC,,1,2021-12-15T07:18:00.000,7
1,113.912426130245,22.419490241846,0,2,489810,2021/12/15 03:25:33,2021/12/15 03:57:33,669,,SC,,1,2021-12-15T03:29:30.000,3
2,113.912642954036,22.4195648573209,0,3,489810,2021/12/15 03:25:33,2021/12/15 03:57:33,669,,SC,,1,2021-12-15T03:33:30.000,4
3,113.912849167572,22.4196358214938,0,4,489810,2021/12/15 03:25:33,2021/12/15 03:57:33,669,,SC,,1,2021-12-15T15:09:01.000,15
4,113.912902102739,22.4196540380493,0,5,489810,2021/12/15 03:25:33,2021/12/15 03:57:33,669,,SC,,1,2021-12-15T03:31:00.000,4
5,113.912073432003,22.419368867956,0,6,376807,2021/12/15 14:43:42,2021/12/15 15:02:19,29602,,SC,,1,2021-12-15T14:51:00.000,15
6,113.91138328673,22.4191313685692,0,7,49850,2021/12/15 06:33:27,2021/12/15 08:11:00,12607,,SC,,1,2021-12-15T07:18:00.000,7
7,113.911435777762,22.4191494322846,0,8,49850,2021/12/15 06:33:27,2021/12/15 08:11:00,12607,,SC,,1,2021-12-15T07:18:00.000,7
8,113.911778837941,22.419267489432,0,9,527678,2021/12/15 01:35:06,2021/12/15 03:58:30,8652,,SC,,1,2021-12-15T06:32:30.000,7
9,113.911921929553,22.4193167314851,0,10,527678,2021/12/15 01:35:06,2021/12/15 03:58:30,8652,,SC,,1,2021-12-15T14:51:00.000,15
10,113.912001708465,22.4193441857668,0,11,242460,2021/12/15 15:10:27,2021/12/15 16:38:30,22622,,SC,,1,2021-12-15T14:51:00.000,15
11,113.912271485728,22.4194370240967,0,12,242460,2021/12/15 15:10:27,2021/12/15 16:38:30,22622,,SC,,1,2021-12-15T03:35:30.000,4
12,113.909881391729,22.4186145221081,0,13,193511,2021/12/15 09:37:24,2021/12/15 11:35:30,2008,,SC,,1,2021-12-15T10:51:00.000,11
13,113.910043929092,22.4186704560187,0,14,193511,2021/12/15 09:37:24,2021/12/15 11:35:30,2008,,SC,,1,2021-12-15T10:49:18.000,11
14,113.910655898974,22.4188810529431,0,15,193511,2021/12/15 09:37:24,2021/12/15 11:35:30,2008,,SC,,1,2021-12-15T10:10:30.000,10
15,113.911061219911,22.4190205358573,0,16,188731,2021/12/15 03:56:51,2021/12/15 04:03:30,19833,,SC,,1,2021-12-15T08:39:30.000,9
16,113.911368162262,22.4191261637927,0,17,7866,2021/12/15 06:03:06,2021/12/15 06:05:00,10416,,SC,,1,2021-12-15T07:18:00.000,7
17,113.910905063036,22.4189667976611,0,18,371678,2021/12/15 23:44:15,2021/12/15 23:47:00,29338,,SC,,1,2021-12-15T08:39:30.000,9
18,113.913034763129,22.4196996904104,0,19,471837,2021/12/15 15:03:30,2021/12/15 15:09:01,5747,,SC,,1,2021-12-15T15:06:39.000,15
